_Cell,Seq,Chan,Fun,Hxf,Save2Mix,Notes,MxAdd,Shex,MxDatS,MxDat,sAdd,sCon,dAdd,dCon,Function,FunX,ShFunction,ShFunX,Table,ShTable,SigmaKey,Sigma,DspI2c,DspSpi,DspPage,DspAdd,DspAddHex,Checked,DefStr
AaAux[1-12]Mtr[1-1],1,,,,false,Aux output level meter,,,80,,,,,,,,Chan_Mtr,,,,,,,,,,,,,,,
AaChan[1-32]Mtr[1-2],1,,,,false,Channel input level meter (pre/post),,,80,,,,,,,,Chan_Mtr,,,,,,,,,,,,,,,
AaChan[1-32]CompMtr[1-1],1,,,,false,Channel compressor gain-reduction meter (comp-only),,,80,,,,,,,,Chan_Mtr,,,,,,,,,,,,,,,
AaChan[1-32]GateMtr[1-1],1,,,,false,Channel gate gain-reduction meter (gate-only),,,80,,,,,,,,Chan_Mtr,,,,,,,,,,,,,,,
AaChan[1-32]DynMtr[1-1],1,,,,false,Channel dynamics sum meter (comp+gate),,,80,,,,,,,,Chan_Mtr,,,,,,,,,,,,,,,
AaFx[1-6]Mtr[1-1],1,,,,false,FX return level meter,,,80,,,,,,,,Chan_Mtr,,,,,,,,,,,,,,,
AaGrp[1-4]Mtr[1-1],1,,,,false,Group level meter,,,80,,,,,,,,Chan_Mtr,,,,,,,,,,,,,,,
AaMain[1-4]Mtr[1-2],1,,,,false,Main output level meter (L/R),,,80,,,,,,,,Chan_Mtr,,,,,,,,,,,,,,,
AaSub[1-1]Mtr[1-1],1,,,,false,Subwoofer output level meter,,,80,,,,,,,,Chan_Mtr,,,,,,,,,,,,,,,
Another[1-1]Test[1-100],1,,,,,Test data placeholder,,,255,,,,,,,,,,,,,,,,,,,,
Aux[1-12]Delay[1-1],1,,,,,Aux output delay up to 250ms,,,255,,,,,,,,,,0=0/127=250/[Log],,,,,,,,,,
Aux[1-12]EqFreq[1-1],1,,,,,Aux 4-band parametric EQ frequency,,,255,127,,,,,,,AuxEq,,0=20/254=200/[Log][0dp],,,,,,,,,,
Aux[1-12]EqFreq[2-2],1,,,,,Aux 4-band parametric EQ frequency,,,255,127,,,,,,,AuxEq,,0=100/254=1000/[Log][0dp],,,,,,,,,,
Aux[1-12]EqFreq[3-3],1,,,,,Aux 4-band parametric EQ frequency,,,255,127,,,,,,,AuxEq,,0=800/254=5000/[Log][0dp],,,,,,,,,,
Aux[1-12]EqFreq[4-4],1,,,,,Aux 4-band parametric EQ frequency,,,255,127,,,,,,,AuxEq,,0=3000/254=20000/[Log][0dp],,,,,,,,,,
Aux[1-12]EqGain[1-4],1,,,,,Aux 4-band parametric EQ gain ±15dB,,,121,60,,,,,,,AuxEq,,0=-15/120=15/[Lin][2dp],,,,,,,,,,
Aux[1-12]EqHpf[1-1],1,,,,,Aux high-pass filter frequency,,,65,32,,,,,,,AuxEq,,0=20/64=1000/[Log][0dp],,,,,,,,,,
Aux[1-12]EqOn[1-1],1,,,,,Aux EQ on/off,,,2,,,,,,,,AuxEq,,,,,,,,,,,,
Aux[1-12]EqQ[1-4],1,,,,,Aux 4-band parametric EQ Q/bandwidth,,,121,60,,,,,,,AuxEq,,0=0.1/120=10/[Log][2dp],,,,,,,,,,
Aux[1-12]EqShelf[1-2],1,,,,,Aux EQ bands 1/4 shelf mode on/off,,,2,,,,,,,,AuxEq,,,,,,,,,,,,
Aux[1-12]Geq[1-28],1,,,,,Aux 28-band 1/3-octave GEQ gain per band,,,65,32,,,,,,,AuxEq,,0=-12/127=12/[Lin],,,,,,,,,,
Aux[1-12]LimiterOn[1-1],1,,,,,Aux output limiter on/off,,,2,,,,,,,,,,,,,,,,,,,,
Aux[1-12]LimiterThr[1-1],1,,,,,Aux limiter threshold,,,255,,,,,,,,AuxLimiter,,0=-30/127=0/[Lin],,,,,,,,,,
Aux[1-12]Pan[1-1],1,,,,,Aux stereo pan position,,,127,,,,,,,,,,Pan:dB:0:Off,,,,,,,,,,
Aux[1-12]Peq[1-12],1,,,,,Aux 28-band graphic EQ (1/3 octave),,,65,32,,,,,,,AuxEq,,0=-12/127=12/[Lin],,,,,,,,,,
Aux[1-12]PickOff[1-1],1,,,,,Aux global pickoff point (pre/post EQ/fader),,,4,,,,,,,,,,,,,,,,,,,,
Aux[1-12]RtgDca[1-1],1,,,,,Aux master DCA assignment (1-8 or off),,,9,,,,,,,,,,,,,,,,,,,,
Aux[1-12]RtgLevel[1-1],1,,,,,Aux master output level,,,255,,,,,,,,,,dB:Off:-50@31:-30@63:-10@127:10,,,,,,,,,,
Aux[1-12]RtgMute[1-1],1,,,,,Aux master mute on/off,,,2,,,,,,,,,,,,,,,,,,,,
Bt[1-1]On[1-1],1,,,,false,Bluetooth audio input on/off,,,2,,,,,,,,,,,,,,,,,,,,
Bt[1-1]Level[1-1],1,,,,false,Bluetooth audio input level,,,255,,,,,,,,,,0=-20/127=6/[Lin],,,,,,,,,,
Bt[1-1]Src[1-1],1,,,,false,Bluetooth source select,,,4,,,,,,,,,,,,,,,,,,,,
Chan[1-2]Instr[1-1],1,,,,,Instrument input mode (hi-Z),,,33,,,,,,,,,,,,,,,,,,,,
Chan[1-32]AntiClip[1-1],1,,,,,Auto gain reduction on/off (M&W exclusive),,,2,,,,,,,,ChanInput,,0=-20/127=0/[Lin],,,,,,,,,,
Chan[1-32]Color[1-1],1,,,,,Fader cap color code,,,16,,,,,,,,ChanInput,,,,,,,,,,,,
Chan[1-32]CompAtt[1-1],1,,,,,Compressor attack time,,,255,,,,,,,,ChanComp,,0=0/254=250/[Log],,,,,,,,,,
Chan[1-32]CompKnee[1-1],1,,,,,Compressor soft/hard knee,,,2,,,,,,,,ChanComp,,,,,,,,,,,,
Chan[1-32]CompMake[1-1],1,,,,,Compressor makeup gain,,,33,,,,,,,,ChanComp,,0=0/127=20/[Lin],,,,,,,,,,
Chan[1-32]CompOn[1-1],1,,,,,Compressor on/off,,,2,,,,,,,,ChanComp,,,,,,,,,,,,
Chan[1-32]CompPar[1-1],1,,,,,Parallel compression blend (dry/wet),,,33,,,,,,,,ChanComp,,0=0/127=100/[Lin],,,,,,,,,,
Chan[1-32]CompRat[1-1],1,,,,,Compressor ratio (1:1 to 30:1),,,128,,,,,,,,ChanComp,,0=1/127=30/[Log],,,,,,,,,,
Chan[1-32]CompRel[1-1],1,,,,,Compressor release time,,,255,,,,,,,,ChanComp,,0=5/254=5000/[Log],,,,,,,,,,
Chan[1-32]CompKey[1-1],1,,,,,Compressor sidechain key source,,,33,,,,,,,,ChanComp,,,,,,,,,,,,
Chan[1-32]CompDetSrc[1-1],1,,,,,Compressor self-key tap source (PreEQ/PostEQ),,,2,,,,,,,,ChanComp,,,,,,,,,,,,
Chan[1-32]CompFilterOn[1-1],1,,,,,Compressor sidechain filter on/off,,,2,,,,,,,,ChanComp,,,,,,,,,,,,
Chan[1-32]CompFilterHpf[1-1],1,,,,,Compressor sidechain HPF frequency,,,65,32,,,,,,,ChanComp,,0=20/64=1000/[Log],,,,,,,,,,
Chan[1-32]CompFilterLpf[1-1],1,,,,,Compressor sidechain LPF frequency,,,255,127,,,,,,,ChanComp,,0=500/127=20000/[Log],,,,,,,,,,
Chan[1-32]CompFilterQ[1-1],1,,,,,Compressor sidechain filter Q,,,15,7,,,,,,,ChanComp,,0=0.1/14=10/[Log],,,,,,,,,,
Chan[1-32]CompLimMode[1-1],1,,,,,Compressor/Limiter mode toggle,,,2,,,,,,,,ChanComp,,,,,,,,,,,,
Chan[1-32]CompEqPos[1-1],1,,,,,Compressor EQ position (Pre/Post),,,2,,,,,,,,ChanComp,,,,,,,,,,,,
Chan[1-32]CompThr[1-1],1,,,,,Compressor threshold level,,,141,,,,,,,,ChanComp,,0=-60/140=10/[Lin],,,,,,,,,,
Chan[1-32]CompType[1-1],1,,,,,Compressor type (Tube/FET/VCA/Optical),,,4,,,,,,,,ChanComp,,,,,,,,,,,,
Chan[1-32]CueSel[1-1],1,,,,false,Channel cue/solo select (PFL/AFL/SIP),,,2,,,,,,,,Chan_Rtg,,,,,,,,,,,,
Chan[1-32]Delay[1-1],1,,,,,Channel input delay up to 250ms,,,255,,,,,,,,,,0=0/127=250/[Log],,,,,,,,,,
Chan[1-32]EqFreq[1-1],1,,,,,4-band parametric EQ frequency,,,255,127,,,,,,,Chan_Eq,,0=20/254=200/[Log][0dp],,,,,,,,,,
Chan[1-32]EqFreq[2-2],1,,,,,4-band parametric EQ frequency,,,255,127,,,,,,,Chan_Eq,,0=100/254=1000/[Log][0dp],,,,,,,,,,
Chan[1-32]EqFreq[3-3],1,,,,,4-band parametric EQ frequency,,,255,127,,,,,,,Chan_Eq,,0=800/254=5000/[Log][0dp],,,,,,,,,,
Chan[1-32]EqFreq[4-4],1,,,,,4-band parametric EQ frequency,,,255,127,,,,,,,Chan_Eq,,0=3000/254=20000/[Log][0dp],,,,,,,,,,
Chan[1-32]EqGain[1-4],1,,,,,4-band parametric EQ gain ±15dB,,,121,60,,,,,,,Chan_Eq,,0=-15/120=15/[Lin][2dp],,,,,,,,,,
Chan[1-32]EqHpf[1-1],1,,,,,High-pass (low cut) filter frequency,,,65,32,,,,,,,Chan_Eq,,0=20/64=1000/[Log][0dp],,,,,,,,,,
Chan[1-32]EqHpfSlope[1-1],1,,,,,HPF slope (6/12/18/24/36 dB/oct),,,6,,,,,,,,Chan_Eq,,,,,,,,,,,,
Chan[1-32]EqLpf[1-1],1,,,,,Low-pass (high cut) filter frequency,,,255,127,,,,,,,Chan_Eq,,0=1000/127=20000/[Log][0dp],,,,,,,,,,
Chan[1-32]EqOn[1-1],1,,,,,Channel EQ on/off,,,2,,,,,,,,Chan_Eq,,,,,,,,,,,,
Chan[1-32]EqQ[1-4],1,,,,,4-band parametric EQ Q/bandwidth,,,121,60,,,,,,,Chan_Eq,,0=0.1/120=10/[Log][2dp],,,,,,,,,,
Chan[1-32]EqShelf[1-2],1,,,,,Bands 1/4 shelf mode on/off,,,2,,,,,,,,Chan_Eq,,,,,,,,,,,,
Chan[1-32]Gain[1-1],1,,,,,Mic preamp gain 0-60dB,,,61,,,,,,,,,,0=0/60=60/[Lin][0dp],,,,,,,,,,
Chan[1-32]GateAtt[1-1],1,,,,,Gate attack time,,,255,,,,,,,,ChanGate,,0=0.1/254=250/[Log],,,,,,,,,,
Chan[1-32]GateHold[1-1],1,,,,,Gate hold time before release,,,255,,,,,,,,ChanGate,,0=0/254=2000/[Log],,,,,,,,,,
Chan[1-32]GateKey[1-1],1,,,,,Gate sidechain key source,,,255,,,,,,,,ChanGate,,,,,,,,,,,,
Chan[1-32]GateDetSrc[1-1],1,,,,,Gate self-key tap source (PreEQ/PostEQ),,,2,,,,,,,,ChanGate,,,,,,,,,,,,
Chan[1-32]GateFilterOn[1-1],1,,,,,Gate sidechain filter on/off,,,2,,,,,,,,ChanGate,,,,,,,,,,,,
Chan[1-32]GateFilterHpf[1-1],1,,,,,Gate sidechain HPF frequency,,,65,32,,,,,,,ChanGate,,0=20/64=1000/[Log],,,,,,,,,,
Chan[1-32]GateFilterLpf[1-1],1,,,,,Gate sidechain LPF frequency,,,255,127,,,,,,,ChanGate,,0=500/127=20000/[Log],,,,,,,,,,
Chan[1-32]GateFilterQ[1-1],1,,,,,Gate sidechain filter Q,,,15,7,,,,,,,ChanGate,,0=0.1/14=10/[Log],,,,,,,,,,
Chan[1-32]GateOn[1-1],1,,,,,Gate on/off,,,2,,,,,,,,ChanGate,,,,,,,,,,,,
Chan[1-32]GateRel[1-1],1,,,,,Gate release time,,,255,,,,,,,,ChanGate,,0=50/254=5000/[Log],,,,,,,,,,
Chan[1-32]GateRng[1-1],1,,,,,Gate depth/range 0-60dB,,,255,,,,,,,,ChanGate,,0=0/254=60/[Lin],,,,,,,,,,
Chan[1-32]GateThr[1-1],1,,,,,Gate threshold level,,,255,,,,,,,,ChanGate,,0=-80/254=0/[Lin],,,,,,,,,,
Chan[1-32]InputSel[1-1],1,,,,,Input source (Mic/Line/Digital/USB),,,33,,,,,,,,,,,,,,,,,,,,
Chan[1-32]InsertOn[1-1],1,,,,,External insert send/return on/off,,,2,,,,,,,,ChanInput,,,,,,,,,,,,
Chan[1-32]Link[1-1],1,,,,,Stereo link with adjacent channel,,,2,,,,,,,,ChanInput,,,,,,,,,,,,
Chan[1-32]MuteGrp[1-8],1,,,,,Mute group 1-8 assignment,,,1,,,,,,,,Chan_Rtg,,,,,,,,,,,,
Chan[1-32]Phantom[1-1],1,,,,,+48V phantom power on/off,,,2,,,,,,,,ChanInput,,,,,,,,,,,,
Chan[1-32]Pol[1-1],1,,,,,Polarity (phase) reverse,,,2,,,,,,,,,,,,,,,,,,,,
Chan[1-32]RtgAuxOn[1-12],1,,,,,Channel-to-aux send on/off,,,1,,,,,,,,Chan_Rtg,,,,,,,,,,,,
Chan[1-32]RtgAuxPick[1-12],1,,,,,Per-aux pickoff (PreEQ/PostEQ/PreFdr/PostFdr),,,4,,,,,,,,Chan_Rtg,,,,,,,,,,,,
Chan[1-32]RtgAuxSend[1-12],1,,,,,Per-channel send level to each aux,,,255,,,,,,,,Chan_Rtg,,dB:Off:-50@31:-30@63:-10@127:0,,,,,,,,,,
Chan[1-32]RtgCtrOn[1-1],1,,,,,Center/sub output assign on/off,,,2,,,,,,,,Chan_Rtg,,,,,,,,,,,,
Chan[1-32]RtgDca[1-1],1,,,,,DCA group assignment (1-8 or off),,,9,,,,,,,,Chan_Rtg,,,,,,,,,,,,
Chan[1-32]RtgFx[1-6],1,,,,,FX send on/off per FX bus,,,1,,,,,,,,Chan_Rtg,,,,,,,,,,,,
Chan[1-32]RtgFxSend[1-6],1,,,,,Per-channel send level to each FX bus,,,255,,,,,,,,Chan_Rtg,,dB:Off:-50@31:-30@63:-10@127:0,,,,,,,,,,
Chan[1-32]RtgGrpOn[1-4],1,,,,,Channel-to-group routing on/off,,,1,,,,,,,,Chan_Rtg,,,,,,,,,,,,
Chan[1-32]RtgLevel[1-1],1,,,,,Channel fader level,,,255,,,,,,,,Chan_Rtg,,dB:Off:-50@31:-30@63:-10@127:10,,,,,,,,,,
Chan[1-32]RtgMainOn[1-1],1,,,,,Channel to main L/R assign on/off,,,2,,,,,,,,Chan_Rtg,,,,,,,,,,,,
Chan[1-32]RtgMute[1-1],1,,,,,Channel mute on/off,,,8,,,,,,,,Chan_Rtg,,,,,,,,,,,,
Chan[1-32]RtgPan[1-1],1,,,,,Channel pan L/R position,,,127,,,,,,,,Chan_Rtg,,Pan:dB:0:Off,,,,,,,,,,
Chan[1-32]TubeSat[1-1],1,,,,,Tube saturation amount,,,33,,,,,,,,ChanComp,,0=0/127=100/[Lin],,,,,,,,,,
Chan[1-32]TubeOn[1-1],1,,,,,Tube saturation on/off,,,2,,,,,,,,ChanComp,,,,,,,,,,,,
Dca[1-8]Level[1-1],1,,,,,DCA group master fader level,,,255,,,,,,,,DcaCtrl,,dB:Off:-50@31:-30@63:-10@127:10,,,,,,,,,,
Dca[1-8]Mute[1-1],1,,,,,DCA group mute on/off,,,2,,,,,,,,DcaCtrl,,,,,,,,,,,,
Fdr[1-5]Grp[1-32],1,,,,false,Fader group membership (ch assign),,,1,,,,,,,,,,,,,,,,,,,,
Fx[1-6]Damp[1-1],1,,,,,FX HF damping amount,,,33,,,,,,,,FxCtrl,,,,,,,,,,,,
Fx[1-6]Decay[1-1],1,,,,,FX reverb decay time,,,255,,,,,,,,FxCtrl,,0=0.1/127=10/[Log],,,,,,,,,,
Fx[1-6]DelayTime[1-1],1,,,,,FX delay/tempo time,,,255,,,,,,,,FxCtrl,,0=1/127=1000/[Log],,,,,,,,,,
Fx[1-6]DuckOn[1-1],1,,,,,FX ducker on/off,,,2,,,,,,,,FxCtrl,,,,,,,,,,,,
Fx[1-6]DuckThr[1-1],1,,,,,FX ducker threshold (legacy alias of DuckSens),,,255,,,,,,,,FxCtrl,,0=-30/127=0/[Lin],,,,,,,,,,
Fx[1-6]DuckSens[1-1],1,,,,,FX ducker sensitivity (alias of threshold),,,255,,,,,,,,FxCtrl,,0=-30/127=0/[Lin],,,,,,,,,,
Fx[1-6]Balance[1-1],1,,,,,FX delay/reverb balance,,,128,,,,,,,,FxCtrl,,0=0/127=100/[Lin],,,,,,,,,,
Fx[1-6]EqHi[1-1],1,,,,,FX presence/high EQ,,,65,32,,,,,,,FxCtrl,,0=-6/127=6/[Lin],,,,,,,,,,
Fx[1-6]EqPresence[1-1],1,,,,,FX high-shelf presence EQ (~5kHz +/-6dB),,,65,32,,,,,,,FxCtrl,,0=-6/127=6/[Lin],,,,,,,,,,
Fx[1-6]EqLo[1-1],1,,,,,FX low EQ,,,65,32,,,,,,,FxCtrl,,0=-6/127=6/[Lin],,,,,,,,,,
Fx[1-6]EqMid[1-1],1,,,,,FX mid EQ,,,65,32,,,,,,,FxCtrl,,0=-6/127=6/[Lin],,,,,,,,,,
Fx[1-6]EqHpf[1-1],1,,,,,FX low cut / HPF frequency,,,255,127,,,,,,,FxCtrl,,0=80/127=300/[Log],,,,,,,,,,
Fx[1-6]Feedback[1-1],1,,,,,FX delay repeats/feedback,,,255,,,,,,,,FxCtrl,,0=0/127=100/[Lin],,,,,,,,,,
Fx[1-6]ModRate[1-1],1,,,,,FX LFO modulation rate,,,255,127,,,,,,,FxCtrl,,0=0.1/127=10/[Log],,,,,,,,,,
Fx[1-6]ModLevel[1-1],1,,,,,FX LFO modulation depth,,,128,,,,,,,,FxCtrl,,0=0/127=100/[Lin],,,,,,,,,,
Fx[1-6]LfoShape[1-1],1,,,,,FX LFO shape (sine/triangle),,,2,,,,,,,,FxCtrl,,,,,,,,,,,,
Fx[1-6]LfoMode[1-1],1,,,,,FX LFO/manual mode select,,,2,,,,,,,,FxCtrl,,,,,,,,,,,,
Fx[1-6]StereoWidth[1-1],1,,,,,FX stereo width control,,,128,,,,,,,,FxCtrl,,0=0/127=100/[Lin],,,,,,,,,,
Fx[1-6]PingPongStart[1-1],1,,,,,FX ping-pong start side (L/R),,,2,,,,,,,,FxCtrl,,,,,,,,,,,,
Fx[1-6]Mix[1-1],1,,,,,FX dry/wet mix,,,128,,,,,,,,FxCtrl,,0=0/127=100/[Lin],,,,,,,,,,
Fx[1-6]ReturnWetLock[1-1],1,,,,,FX return wet lock on/off,,,2,,,,,,,,FxCtrl,,,,,,,,,,,,
Fx[1-6]On[1-1],1,,,,,FX system on/off,,,2,,,,,,,,FxCtrl,,,,,,,,,,,,
Fx[1-6]PedAssign[1-4],1,,,,,FX footswitch pedal assignment,,,5,,,,,,,,FxCtrl,,,,,,,,,,,,
Fx[1-6]MuteGrp[1-8],1,,,,,FX return mute group assignment,,,9,,,,,,,,FxCtrl,,,,,,,,,,,,
Fx[1-6]PreDelay[1-1],1,,,,,FX pre-delay time,,,255,,,,,,,,FxCtrl,,0=0/127=100/[Lin],,,,,,,,,,
Fx[1-6]RtgAuxOn[1-12],1,,,,,FX return to aux send on/off,,,1,,,,,,,,FxCtrl,,,,,,,,,,,,
Fx[1-6]RtgAuxSend[1-12],1,,,,,FX return to aux send level,,,255,,,,,,,,FxCtrl,,dB:Off:-50@31:-30@63:-10@127:0,,,,,,,,,,
Fx[1-6]RtgDca[1-1],1,,,,,FX return DCA assignment (1-8 or off),,,9,,,,,,,,FxCtrl,,,,,,,,,,,,
Fx[1-6]RtgLevel[1-1],1,,,,,FX return master level,,,255,,,,,,,,FxCtrl,,,,,,,,,,,,
Fx[1-6]RtgMute[1-1],1,,,,,FX return mute on/off,,,2,,,,,,,,FxCtrl,,,,,,,,,,,,
Fx[1-6]Tap[1-1],1,,,,false,FX tap tempo trigger,,,2,,,,,,,,FxCtrl,,,,,,,,,,,,
Fx[1-1]Mute[1-1],1,,,,,Global FX mute on/off,,,2,,,,,,,,FxCtrl,,,,,,,,,,,,
Fx[1-6]Type[1-1],1,,,,,FX type (Echo/PingPong/Doubling/Reverb/Chorus/Flanger/Phaser),,,7,,,,,,,,FxCtrl,,,,,,,,,,,,
Main[1-1]CueSel[1-1],1,,,,false,Main output cue/solo select,,,2,,,,,,,,,,,,,,,,,,,,
Main[1-1]Delay[1-1],1,,,,,Main L/R output delay up to 250ms,,,255,,,,,,,,,,0=0/127=250/[Log],,,,,,,,,,
Main[1-1]Mute[1-1],1,,,,,Main L/R master mute on/off,,,2,,,,,,,,,,,,,,,,,,,,
Main[1-1]RtgLevel[1-1],1,,,,,Main L/R master fader level,,,255,,,,,,,,,,,,,,,,,,,,
Main[1-1]Geq[1-28],1,,,,,Main 28-band stereo GEQ gain per band,,,65,32,,,,,,,MainEq,,0=-12/127=12/[Lin],,,,,,,,,,
Main[1-4]CompAtt[1-1],1,,,,,Main compressor attack,,,255,,,,,,,,MainComp,,0=0/254=250/[Log],,,,,,,,,,
Main[1-4]CompKnee[1-1],1,,,,,Main compressor soft/hard knee,,,2,,,,,,,,MainComp,,,,,,,,,,,,
Main[1-4]CompMake[1-1],1,,,,,Main compressor makeup gain,,,33,,,,,,,,MainComp,,,,,,,,,,,,
Main[1-4]CompOn[1-1],1,,,,,Main compressor on/off,,,2,,,,,,,,MainComp,,,,,,,,,,,,
Main[1-4]CompPar[1-1],1,,,,,Main parallel compression blend,,,33,,,,,,,,MainComp,,,,,,,,,,,,
Main[1-4]CompRat[1-1],1,,,,,Main compressor ratio,,,128,,,,,,,,MainComp,,0=1/127=30/[Log],,,,,,,,,,
Main[1-4]CompRel[1-1],1,,,,,Main compressor release,,,255,,,,,,,,MainComp,,0=5/254=5000/[Log],,,,,,,,,,
Main[1-4]CompThr[1-1],1,,,,,Main compressor threshold,,,141,,,,,,,,MainComp,,0=-60/140=10/[Lin],,,,,,,,,,
Main[1-4]CompType[1-1],1,,,,,Main compressor type (Tube/FET/VCA/Optical),,,4,,,,,,,,MainComp,,,,,,,,,,,,
Main[1-4]CrossoverFreq[1-1],1,,,,,Electronic crossover frequency,,,255,,,,,,,,MainCrossover,,,,,,,,,,,,
Main[1-4]CrossoverSlope[1-1],1,,,,,Crossover slope (HPF 36/48 dB/oct),,,4,,,,,,,,MainCrossover,,,,,,,,,,,,
Main[1-4]EqFreq[1-1],1,,,,,Main 4-band parametric EQ frequency,,,255,127,,,,,,,MainEq,,0=20/254=200/[Log],,,,,,,,,,
Main[1-4]EqFreq[2-2],1,,,,,Main 4-band parametric EQ frequency,,,255,127,,,,,,,MainEq,,0=100/254=1000/[Log],,,,,,,,,,
Main[1-4]EqFreq[3-3],1,,,,,Main 4-band parametric EQ frequency,,,255,127,,,,,,,MainEq,,0=800/254=5000/[Log],,,,,,,,,,
Main[1-4]EqFreq[4-4],1,,,,,Main 4-band parametric EQ frequency,,,255,127,,,,,,,MainEq,,0=3000/254=20000/[Log],,,,,,,,,,
Main[1-4]EqGain[1-4],1,,,,,Main 4-band parametric EQ gain ±15dB,,,121,60,,,,,,,MainEq,,0=-15/120=15/[Lin],,,,,,,,,,
Main[1-4]EqHpf[1-4],1,,,,,Main high-pass filter frequency,,,65,32,,,,,,,MainEq,,0=20/64=1000/[Log],,,,,,,,,,
Main[1-4]EqOn[1-1],1,,,,,Main EQ on/off,,,2,,,,,,,,MainEq,,,,,,,,,,,,
Main[1-4]EqQ[1-4],1,,,,,Main 4-band parametric EQ Q/bandwidth,,,121,60,,,,,,,MainEq,,0=0.1/120=10/[Log],,,,,,,,,,
Main[1-4]EqShelf[1-2],1,,,,,Main EQ bands 1/4 shelf mode on/off,,,2,,,,,,,,MainEq,,,,,,,,,,,,
Main[1-4]LimiterAtt[1-1],1,,,,,Main limiter attack,,,33,,,,,,,,MainLimiter,,0=0.1/127=100/[Log],,,,,,,,,,
Main[1-4]LimiterOn[1-1],1,,,,,Main limiter on/off,,,2,,,,,,,,MainLimiter,,,,,,,,,,,,
Main[1-4]LimiterRel[1-1],1,,,,,Main limiter release,,,33,,,,,,,,MainLimiter,,0=5/127=2000/[Log],,,,,,,,,,
Main[1-4]LimiterRng[1-1],1,,,,,Main limiter range/depth,,,33,,,,,,,,MainLimiter,,0=0/127=60/[Lin],,,,,,,,,,
Main[1-4]LimiterThr[1-1],1,,,,,Main limiter threshold,,,33,,,,,,,,MainLimiter,,0=-30/127=0/[Lin],,,,,,,,,,
Main[1-4]Mtr[1-1],1,,,,false,Main output level meter,,,80,,,,,,,,,,,,,,,,,,,,
Main[1-4]PeqGain[1-12],1,,,,,Main 28-band graphic EQ gain,,,65,32,,,,,,,,,0=-12/127=12/[Lin],,,,,,,,,,
Mon[1-1]Delay[1-1],1,,,,,Monitor output delay up to 250ms,,,255,,,,,,,,,,0=0/127=250/[Log],,,,,,,,,,
Mon[1-1]InputSel[1-1],1,,,,,Monitor source select (L/R or aux),,,2,,,,,,,,,,,,,,,,,,,,
Mon[1-1]Level[1-2],1,,,,,Monitor output level (L/R),,,255,,,,,,,,,,dB:Off:-50@31:-30@63:-10@127:10,,,,,,,,,,
Mute[1-8]On[1-1],1,,,,false,Mute group 1-8 master on/off,,,2,,,,,,,,,,,,,,,,,,,,
Noise[1-1]Hpf[1-1],1,,,,,Noise gen HPF 80Hz on/off,,,2,,,,,,,,,,,,,,,,,,,,
Noise[1-1]Level[1-1],1,,,,,Noise/tone generator output level,,,255,,,,,,,,,,0=-40/127=0/[Lin],,,,,,,,,,
Noise[1-1]On[1-1],1,,,,,Noise/tone generator on/off,,,2,,,,,,,,,,,,,,,,,,,,
Noise[1-1]Rtg[1-10],1,,,,,Noise routing to aux/main outputs,,,11,,,,,,,,,,,,,,,,,,,,
Rec[1-1]Level[1-1],1,,,,false,USB 2-track record level,,,255,,,,,,,,,,0=-20/127=6/[Lin],,,,,,,,,,
Rec[1-1]Play[1-1],1,,,,false,USB 2-track playback toggle,,,2,,,,,,,,,,,,,,,,,,,,
Rec[1-1]Rec[1-1],1,,,,false,USB 2-track record toggle,,,2,,,,,,,,,,,,,,,,,,,,
Rec[1-1]Src[1-1],1,,,,false,USB 2-track source (L/R or A1-4),,,4,,,,,,,,,,,,,,,,,,,,
Grp[1-4]CompAtt[1-1],1,,,,,Group compressor attack,,,255,,,,,,,,GrpComp,,0=0/254=250/[Log],,,,,,,,,,
Grp[1-4]CompKnee[1-1],1,,,,,Group compressor soft/hard knee,,,2,,,,,,,,GrpComp,,,,,,,,,,,,
Grp[1-4]CompMake[1-1],1,,,,,Group compressor makeup gain,,,33,,,,,,,,GrpComp,,0=0/127=20/[Lin],,,,,,,,,,
Grp[1-4]CompOn[1-1],1,,,,,Group compressor on/off,,,2,,,,,,,,GrpComp,,,,,,,,,,,,
Grp[1-4]CompPar[1-1],1,,,,,Group parallel compression blend,,,33,,,,,,,,GrpComp,,0=0/127=100/[Lin],,,,,,,,,,
Grp[1-4]CompRat[1-1],1,,,,,Group compressor ratio,,,128,,,,,,,,GrpComp,,0=1/127=30/[Log],,,,,,,,,,
Grp[1-4]CompRel[1-1],1,,,,,Group compressor release,,,255,,,,,,,,GrpComp,,0=5/254=5000/[Log],,,,,,,,,,
Grp[1-4]CompThr[1-1],1,,,,,Group compressor threshold,,,141,,,,,,,,GrpComp,,0=-60/140=10/[Lin],,,,,,,,,,
Grp[1-4]CompType[1-1],1,,,,,Group compressor type (Tube/FET/VCA/Optical),,,4,,,,,,,,GrpComp,,,,,,,,,,,,
Grp[1-4]EqFreq[1-1],1,,,,,Group 4-band parametric EQ freq,,,255,127,,,,,,,GrpEq,,0=20/254=200/[Log],,,,,,,,,,
Grp[1-4]EqFreq[2-2],1,,,,,Group 4-band parametric EQ freq,,,255,127,,,,,,,GrpEq,,0=100/254=1000/[Log],,,,,,,,,,
Grp[1-4]EqFreq[3-3],1,,,,,Group 4-band parametric EQ freq,,,255,127,,,,,,,GrpEq,,0=800/254=5000/[Log],,,,,,,,,,
Grp[1-4]EqFreq[4-4],1,,,,,Group 4-band parametric EQ freq,,,255,127,,,,,,,GrpEq,,0=3000/254=20000/[Log],,,,,,,,,,
Grp[1-4]EqGain[1-4],1,,,,,Group 4-band parametric EQ gain,,,121,60,,,,,,,GrpEq,,0=-15/120=15/[Lin],,,,,,,,,,
Grp[1-4]EqHpf[1-1],1,,,,,Group high-pass filter frequency,,,65,32,,,,,,,GrpEq,,0=20/64=1000/[Log],,,,,,,,,,
Grp[1-4]EqOn[1-1],1,,,,,Group EQ on/off,,,2,,,,,,,,GrpEq,,,,,,,,,,,,
Grp[1-4]EqQ[1-4],1,,,,,Group 4-band parametric EQ Q,,,121,60,,,,,,,GrpEq,,0=0.1/120=10/[Log],,,,,,,,,,
Grp[1-4]EqShelf[1-2],1,,,,,Group EQ bands 1/4 shelf mode on/off,,,2,,,,,,,,GrpEq,,,,,,,,,,,,
Grp[1-4]GateAtt[1-1],1,,,,,Group gate attack,,,255,,,,,,,,GrpGate,,0=0.1/254=250/[Log],,,,,,,,,,
Grp[1-4]GateHold[1-1],1,,,,,Group gate hold time before release,,,255,,,,,,,,GrpGate,,0=0/254=2000/[Log],,,,,,,,,,
Grp[1-4]GateKey[1-1],1,,,,,Group gate sidechain key source,,,255,,,,,,,,GrpGate,,,,,,,,,,,,
Grp[1-4]GateOn[1-1],1,,,,,Group gate on/off,,,2,,,,,,,,GrpGate,,,,,,,,,,,,
Grp[1-4]GateRel[1-1],1,,,,,Group gate release,,,255,,,,,,,,GrpGate,,0=50/254=5000/[Log],,,,,,,,,,
Grp[1-4]GateRng[1-1],1,,,,,Group gate range/depth,,,255,,,,,,,,GrpGate,,0=0/254=60/[Lin],,,,,,,,,,
Grp[1-4]GateThr[1-1],1,,,,,Group gate threshold,,,255,,,,,,,,GrpGate,,0=-80/254=0/[Lin],,,,,,,,,,
Grp[1-4]Peq[1-12],1,,,,,Group 28-band graphic EQ gain,,,65,32,,,,,,,GrpEq,,0=20/127=20000/[Log],,,,,,,,,,
Grp[1-4]RtgDca[1-1],1,,,,,Group DCA assignment (1-8 or off),,,9,,,,,,,,,,,,,,,,,,,,
Grp[1-4]RtgLevel[1-1],1,,,,,Group master fader level,,,255,,,,,,,,,,dB:Off:-50@31:-30@63:-10@127:10,,,,,,,,,,
Grp[1-4]RtgMute[1-1],1,,,,,Group master mute on/off,,,2,,,,,,,,,,,,,,,,,,,,
Sub[1-1]CompAtt[1-1],1,,,,,Subwoofer compressor attack,,,255,,,,,,,,SubComp,,0=0/254=250/[Log],,,,,,,,,,
Sub[1-1]CompKnee[1-1],1,,,,,Subwoofer compressor soft/hard knee,,,2,,,,,,,,SubComp,,,,,,,,,,,,
Sub[1-1]CompMake[1-1],1,,,,,Subwoofer compressor makeup gain,,,33,,,,,,,,SubComp,,,,,,,,,,,,
Sub[1-1]CompOn[1-1],1,,,,,Subwoofer compressor on/off,,,2,,,,,,,,SubComp,,,,,,,,,,,,
Sub[1-1]CompPar[1-1],1,,,,,Subwoofer parallel compression blend,,,33,,,,,,,,SubComp,,,,,,,,,,,,
Sub[1-1]CompRat[1-1],1,,,,,Subwoofer compressor ratio,,,128,,,,,,,,SubComp,,0=1/127=30/[Log],,,,,,,,,,
Sub[1-1]CompRel[1-1],1,,,,,Subwoofer compressor release,,,255,,,,,,,,SubComp,,0=5/254=5000/[Log],,,,,,,,,,
Sub[1-1]CompThr[1-1],1,,,,,Subwoofer compressor threshold,,,141,,,,,,,,SubComp,,0=-60/140=10/[Lin],,,,,,,,,,
Sub[1-1]CompType[1-1],1,,,,,Subwoofer compressor type (Tube/FET/VCA/Optical),,,4,,,,,,,,SubComp,,,,,,,,,,,,
Sub[1-1]Delay[1-1],1,,,,,Subwoofer output delay up to 250ms,,,255,,,,,,,,,,0=0/127=250/[Log],,,,,,,,,,
Sub[1-1]EqFreq[1-1],1,,,,,Subwoofer 4-band parametric EQ frequency,,,255,127,,,,,,,SubEq,,0=20/254=200/[Log],,,,,,,,,,
Sub[1-1]EqFreq[2-2],1,,,,,Subwoofer 4-band parametric EQ frequency,,,255,127,,,,,,,SubEq,,0=100/254=1000/[Log],,,,,,,,,,
Sub[1-1]EqFreq[3-3],1,,,,,Subwoofer 4-band parametric EQ frequency,,,255,127,,,,,,,SubEq,,0=800/254=5000/[Log],,,,,,,,,,
Sub[1-1]EqFreq[4-4],1,,,,,Subwoofer 4-band parametric EQ frequency,,,255,127,,,,,,,SubEq,,0=3000/254=20000/[Log],,,,,,,,,,
Sub[1-1]EqGain[1-4],1,,,,,Subwoofer 4-band parametric EQ gain ±15dB,,,121,60,,,,,,,SubEq,,0=-15/120=15/[Lin],,,,,,,,,,
Sub[1-1]EqHpf[1-1],1,,,,,Subwoofer high-pass filter frequency,,,65,32,,,,,,,SubEq,,0=20/64=1000/[Log],,,,,,,,,,
Sub[1-1]EqOn[1-1],1,,,,,Subwoofer EQ on/off,,,2,,,,,,,,SubEq,,,,,,,,,,,,
Sub[1-1]EqQ[1-4],1,,,,,Subwoofer 4-band parametric EQ Q/bandwidth,,,121,60,,,,,,,SubEq,,0=0.1/120=10/[Log],,,,,,,,,,
Sub[1-1]LimiterOn[1-1],1,,,,,Subwoofer limiter on/off,,,2,,,,,,,,SubLimiter,,,,,,,,,,,,
Sub[1-1]LimiterThr[1-1],1,,,,,Subwoofer limiter threshold,,,255,,,,,,,,SubLimiter,,0=-30/127=0/[Lin],,,,,,,,,,
Sub[1-1]Mtr[1-1],1,,,,false,Subwoofer output level meter,,,80,,,,,,,,,,,,,,,,,,,,
Sub[1-1]RtgLevel[1-1],1,,,,,Subwoofer master output level,,,255,,,,,,,,,,dB:Off:-50@31:-30@63:-10@127:10,,,,,,,,,,
Sub[1-1]RtgMute[1-1],1,,,,,Subwoofer master mute on/off,,,2,,,,,,,,,,,,,,,,,,,,
Sys[1-1]AuxOnFdr[1-1],1,,,,false,Aux-on-faders mode toggle,,,2,,,,,,,,,,,,,,,,,,,,
Sys[1-1]BtnBright[1-1],1,,,,false,Physical button LED brightness,,,32,,,,,,,,,,,,,,,,,,,,
Sys[1-1]Cue[1-64],1,,,,false,Cue/solo state per channel,,,2,,,,,,,,,,,,,,,,,,,,
Sys[1-1]CueMode[1-1],1,,,,false,Cue mode (PFL/AFL/SIP),,,3,,,,,,,,,,,,,,,,,,,,
Sys[1-1]Def[1-1],1,,,,false,System default recall value,,,255,,,,,,,,,,,,,,,,,,,,
Sys[1-1]Enc[1-1],1,,,true,false,Rotary encoder sensitivity,,,21,,,,,,,,Sys_Enc,,50|3|20|100|1|10,,,,,,,,,,
Aux[1-12]AntiFbCtrlOn[1-1],1,,,,,Anti-feedback control on/off per aux path,,,2,,,,,,,,,,,,,,,,,,,,
Sys[1-1]FdrDown[1-1],1,,,,false,Faders down (all faders to zero),,,2,,,,,,,,,,,,,,,,,,,,
Sys[1-1]FootMode[1-1],1,,,,false,P1 foot pedal mode (FX/Scenes/MuteGrp),,,3,,,,,,,,,,,,,,,,,,,,
Sys[1-1]Keys[1-127],1,,,true,false,Ascii keys,,,255,,,,,,,,,,,,,,,,,,,,
Sys[1-1]LCR[1-1],1,,,true,false,L/C/R encoder-context buttons,,,3,,,,,,,,Sys_LCR,,,,,,,,,,,,
Sys[1-1]Lock[1-1],1,,,,false,Lock mixer (faders only mode),,,2,,,,,,,,,,,,,,,,,,,,
Sys[1-1]Man[1-1],1,,,,false,User manual open/close SW button,,,2,,,,,,,,,,,,,,,,,,,,
Sys[1-1]MtrSrc[1-1],1,,,,false,Meter source (pre/post fader),,,2,,,,,,,,,,,,,,,,,,,,
Sys[1-1]DynPlotMode[1-1],1,,,,false,Dynamics plot overlay mode (0 fill / 1 dot / 2 fill+dot),,,3,0,,,,,,,,,,,,,,,,,,,
Sys[1-1]MxMode[1-1],1,,,,false,Mixer mode (Standard/Simple),,,2,,,,,,,,,,,,,,,,,,,,
Sys[1-1]OptMix[1-1],1,,,,false,Optional mix select (1/2/3),,,3,,,,,,,,,,,,,,,,,,,,
Sys[1-1]Reg[1-10],1,,,true,false,Registration steps,,,2,,,,,,,,,,,,,,,,,,,,
Sys[1-1]Reset[1-1],1,,,,false,Mixer reset trigger (full/names-keep/audio-only),,,3,,,,,,,,,,,,,,,,,,,,
Sys[1-1]Scene[1-1],2,,,,false,Current scene recall index,,,255,,,,,,,,,,,,,,,,,,,,
Sys[1-1]SelectedAux[1-1],1,,,,false,Selected aux for rebindable skins,,,12,,,,,,,,,,,,,,,,,,,,
Sys[1-1]SelectedChan[1-1],1,,,,false,Selected channel for rebindable skins,,,32,,,,,,,,,,,,,,,,,,,,
Sys[1-1]SceneSafe[1-32],1,,,,false,Per-channel scene safe on/off,,,2,,,,,,,,,,,,,,,,,,,,
Sys[1-1]ScrBright[1-1],1,,,,false,Touchscreen brightness,,,100,75,,,,,,,Sys_ScrBright,,,,,,,,,,,,
Sys[1-1]Skin[1-1],1,,,,false,Current skin/theme selection,,,255,,,,,,,,,,,,,,,,,,,,
Sys[1-1]Test[1-2],1,,,,,System test signal output,,,255,,,,,,,,,,,,,,,,,,,,
Aux[1-12]AntiFbNotchFreq[1-6],2,,,,,Anti-feedback notch filter centre frequency,,,255,,,,,,,,,,0=40/127=12000/[Log],,,,,,,,,,
Aux[1-12]AntiFbNotchGain[1-6],1,,,,,Anti-feedback notch filter depth (cut amount),,,21,,,,,,,,,,0=-18/127=0/[Lin],,,,,,,,,,
Aux[1-12]AntiFbNotchQ[1-6],1,,,,,Anti-feedback notch filter Q (bandwidth),,,33,,,,,,,,,,0=1/127=20/[Log],,,,,,,,,,
Aux[1-12]AntiFbOn[1-1],1,,,,,Anti-feedback system on/off per aux path,,,2,,,,,,,,,,,,,,,,,,,,
Talk[1-1]Hpf[1-1],1,,,,,Talkback mic high-pass filter,,,33,,,,,,,,,,,,,,,,,,,,
Talk[1-1]On[1-1],1,,,,,Talkback mic on/off,,,2,,,,,,,,,,,,,,,,,,,,
Talk[1-1]Rtg[1-3],1,,,,,Talkback routing to aux/main,,,1,,,,,,,,,,,,,,,,,,,,
Talk[1-2]Gain[1-1],1,,,,,Talkback mic input gain,,,65,,,,,,,,,,,,,,,,,,,,
Talk[2-2]Hpf[1-1],1,,,,false,Talkback mic 2 high-pass filter on/off,,,33,,,,,,,,,,,,,,,,,,,,
Talk[2-2]On[1-1],1,,,,false,Talkback mic 2 on/off,,,2,,,,,,,,,,,,,,,,,,,,
Talk[2-2]Rtg[1-3],1,,,,false,Talkback mic 2 routing to aux/main,,,1,,,,,,,,,,,,,,,,,,,,
Test[1-1]MeasChan[1-1],1,,,true,false,Select channel for RMS/THD measurement,,,33,,,,,,,,,,,,,,,,,,,,
Test[1-1]NoiseResult[1-1],1,,,true,false,Read-back: noise floor,,,255,,,,,,,,,,,,,,,,,,,,
Test[1-1]OscChan[1-1],1,,,true,false,Oscillator target channel (0=all),,,33,,,,,,,,,,,,,,,,,,,,
Test[1-1]OscFreq[1-1],1,,,true,false,Oscillator frequency 20Hz-20kHz,,,255,,,,,,,,,,0=20/127=20000/[Log],,,,,,,,,,
Test[1-1]OscLevel[1-1],1,,,true,false,Oscillator output level dBFS,,,61,,,,,,,,,,0=-60/127=0/[Lin],,,,,,,,,,
Test[1-1]OscOn[1-1],1,,,true,false,Precision sine oscillator enable,,,2,,,,,,,,,,,,,,,,,,,,
Test[1-1]RmsResult[1-1],1,,,true,false,Read-back: RMS level,,,255,,,,,,,,,,,,,,,,,,,,
Test[1-1]SweepOn[1-1],1,,,true,false,Start frequency sweep,,,2,,,,,,,,,,,,,,,,,,,,
Test[1-1]SweepStep[1-1],1,,,true,false,Sweep step count,,,255,,,,,,,,,,,,,,,,,,,,
Test[1-1]ThdResult[1-1],1,,,true,false,Read-back: THD+N ratio,,,255,,,,,,,,,,,,,,,,,,,,
Test[1-1]XtalkDst[1-1],1,,,true,false,Crosstalk destination channel,,,33,,,,,,,,,,,,,,,,,,,,
Test[1-1]XtalkResult[1-1],1,,,true,false,Read-back: crosstalk level dB,,,255,,,,,,,,,,,,,,,,,,,,
Test[1-1]XtalkSrc[1-1],1,,,true,false,Crosstalk source channel,,,33,,,,,,,,,,,,,,,,,,,,
Usb[1-1]On[1-1],1,,,,false,USB audio input on/off,,,2,,,,,,,,,,,,,,,,,,,,
Usb[1-1]Level[1-1],1,,,,false,USB audio input level,,,255,,,,,,,,,,0=-20/127=6/[Lin],,,,,,,,,,
ZzStripAux[1-12]Name[1-1],16,,,,,Aux output channel name,,,1,,,,,,,,,,,,,,,,,,,,
ZzStripChan[1-1]Name[1-1],16,,,,,Input channel name/label,,,1,,,,,,,,,,,,,,,,,,,,Kick
ZzStripChan[2-2]Name[1-1],16,,,,,Input channel name/label,,,1,,,,,,,,,,,,,,,,,,,,Snare Top
ZzStripChan[3-3]Name[1-1],16,,,,,Input channel name/label,,,1,,,,,,,,,,,,,,,,,,,,Snare Bot
ZzStripChan[4-4]Name[1-1],16,,,,,Input channel name/label,,,1,,,,,,,,,,,,,,,,,,,,Hihat
ZzStripChan[5-5]Name[1-1],16,,,,,Input channel name/label,,,1,,,,,,,,,,,,,,,,,,,,Ride
ZzStripChan[6-6]Name[1-1],16,,,,,Input channel name/label,,,1,,,,,,,,,,,,,,,,,,,,Floor Tom
ZzStripChan[7-7]Name[1-1],16,,,,,Input channel name/label,,,1,,,,,,,,,,,,,,,,,,,,Mid Toms
ZzStripChan[8-8]Name[1-1],16,,,,,Input channel name/label,,,1,,,,,,,,,,,,,,,,,,,,OH Left
ZzStripChan[9-9]Name[1-1],16,,,,,Input channel name/label,,,1,,,,,,,,,,,,,,,,,,,,OH Right
ZzStripChan[10-10]Name[1-1],16,,,,,Input channel name/label,,,1,,,,,,,,,,,,,,,,,,,,Bass
ZzStripChan[11-11]Name[1-1],16,,,,,Input channel name/label,,,1,,,,,,,,,,,,,,,,,,,,E Gtr 1
ZzStripChan[12-12]Name[1-1],16,,,,,Input channel name/label,,,1,,,,,,,,,,,,,,,,,,,,E Gtr 2
ZzStripChan[13-13]Name[1-1],16,,,,,Input channel name/label,,,1,,,,,,,,,,,,,,,,,,,,Ac Gtr
ZzStripChan[14-14]Name[1-1],16,,,,,Input channel name/label,,,1,,,,,,,,,,,,,,,,,,,,Mando 1
ZzStripChan[15-15]Name[1-1],16,,,,,Input channel name/label,,,1,,,,,,,,,,,,,,,,,,,,Mando 2
ZzStripChan[16-16]Name[1-1],16,,,,,Input channel name/label,,,1,,,,,,,,,,,,,,,,,,,,Mando 3
ZzStripChan[17-17]Name[1-1],16,,,,,Input channel name/label,,,1,,,,,,,,,,,,,,,,,,,,Mando 4
ZzStripChan[18-18]Name[1-1],16,,,,,Input channel name/label,,,1,,,,,,,,,,,,,,,,,,,,Mando 5
ZzStripChan[19-19]Name[1-1],16,,,,,Input channel name/label,,,1,,,,,,,,,,,,,,,,,,,,Mando 6
ZzStripChan[20-20]Name[1-1],16,,,,,Input channel name/label,,,1,,,,,,,,,,,,,,,,,,,,Mando 7
ZzStripChan[21-21]Name[1-1],16,,,,,Input channel name/label,,,1,,,,,,,,,,,,,,,,,,,,Main Vox
ZzStripChan[22-22]Name[1-1],16,,,,,Input channel name/label,,,1,,,,,,,,,,,,,,,,,,,,Back Vox
ZzStripChan[23-23]Name[1-1],16,,,,,Input channel name/label,,,1,,,,,,,,,,,,,,,,,,,,Strings V
ZzStripChan[24-24]Name[1-1],16,,,,,Input channel name/label,,,1,,,,,,,,,,,,,,,,,,,,Strings C
ZzStripChan[25-25]Name[1-1],16,,,,,Input channel name/label,,,1,,,,,,,,,,,,,,,,,,,,
ZzStripChan[26-26]Name[1-1],16,,,,,Input channel name/label,,,1,,,,,,,,,,,,,,,,,,,,
ZzStripChan[27-27]Name[1-1],16,,,,,Input channel name/label,,,1,,,,,,,,,,,,,,,,,,,,
ZzStripChan[28-28]Name[1-1],16,,,,,Input channel name/label,,,1,,,,,,,,,,,,,,,,,,,,
ZzStripChan[29-29]Name[1-1],16,,,,,Input channel name/label,,,1,,,,,,,,,,,,,,,,,,,,
ZzStripChan[30-30]Name[1-1],16,,,,,Input channel name/label,,,1,,,,,,,,,,,,,,,,,,,,
ZzStripChan[31-31]Name[1-1],16,,,,,Input channel name/label,,,1,,,,,,,,,,,,,,,,,,,,
ZzStripChan[32-32]Name[1-1],16,,,,,Input channel name/label,,,1,,,,,,,,,,,,,,,,,,,,
ZzStripDca[1-8]Name[1-1],16,,,,,DCA group name,,,1,,,,,,,,,,,,,,,,,,,,
ZzStripFx[1-6]Name[1-1],16,,,,,FX channel name,,,1,,,,,,,,,,,,,,,,,,,,
ZzStripGrp[1-4]Name[1-1],16,,,,,Group name,,,1,,,,,,,,,,,,,,,,,,,,
ZzStripSub[1-1]Name[1-1],16,,,,,Subwoofer name,,,1,,,,,,,,,,,,,,,,,,,,
ZzStripMain[1-1]Name[1-1],16,,,,,Main L/R master name,,,1,,,,,,,,,,,,,,,,,,,,Master
Zzz[1-1]Zzz[1-1],1,,,,false,End of file marker,,,255,,,,,,,,,,,,,,,,,,,,
