board,item,test,verdict,measured,limit,evidence,stamp
Assemblies,CM4 compute module,AS-CM4,PASS,throttled=0x0 temp=56.9 C core=0.9200V matrix-app=active,"throttled 0x0, temp < 70 C, core volts in window, app active","19:59:56 up 6:51, 3 users, load average: 1.68, 1.21, 1.07 throttled=0x0 temp=56.9'C volt=0.9200V Raspberry Pi Compute Module 4 Rev 1.1 active",2026-09-22T18:59:56Z
HDMI FPC (rev B),Display link HDMI0 → TFT,HD0-1,PASS,"HDMI-A-1 connected, RTK 10811, native 1920x1080, active=True",connected + EDID mfr/product + native mode active,status=connected --- edid-decode --- edid-decode (hex): 00 ff ff ff ff ff ff 00 4a 8b 3b 2a 01 01 01 01 17 15 01 03 80 3c 22 78 ea 1e c5 ae 4f 34 b1 26 0e 50 54 a5 4b 00 81 80 a9 40 d1 c0 71 4f 01 01 01 01 01 01 01 01 02 3a 80 18 71 38 2d 40 58 2c 45 00 55 50 21 00 00 1e 00 00 00 ff 00 4a 32 35 37 4d 39 36 42 30 30 46 4c 0a 00 00 00 fc 00 52 54 4b 20 46 48 44 0a 20 20 20 20 20 00 00 00 fd 00 38...,2026-09-22T18:59:56Z
Assemblies,TFT display,HD0-1,PASS,"HDMI-A-1 connected, RTK 10811, native 1920x1080, active=True",connected + EDID mfr/product + native mode active,status=connected --- edid-decode --- edid-decode (hex): 00 ff ff ff ff ff ff 00 4a 8b 3b 2a 01 01 01 01 17 15 01 03 80 3c 22 78 ea 1e c5 ae 4f 34 b1 26 0e 50 54 a5 4b 00 81 80 a9 40 d1 c0 71 4f 01 01 01 01 01 01 01 01 02 3a 80 18 71 38 2d 40 58 2c 45 00 55 50 21 00 00 1e 00 00 00 ff 00 4a 32 35 37 4d 39 36 42 30 30 46 4c 0a 00 00 00 fc 00 52 54 4b 20 46 48 44 0a 20 20 20 20 20 00 00 00 fd 00 38...,2026-09-22T18:59:56Z
Digital,Ethernet (RJ45),NW1,PASS,"Link detected: yes, Speed: 1000Mb/s, Duplex: Full, carrier=1","link up, 1000Mb/s, Full",netlink error: Operation not permitted Settings for eth0: Supported ports: [ TP MII ] Supported link modes: 10baseT/Half 10baseT/Full 100baseT/Half 100baseT/Full 1000baseT/Half 1000baseT/Full Supported pause frame use: Symmetric Receive-only Supports auto-negotiation: Yes Supported FEC modes: Not reported Advertised link modes: 10baseT/Half 10baseT/Full 100baseT/Half 100baseT/Full 1000baseT/Hal...,2026-09-22T18:59:57Z
Digital,Ethernet (RJ45),NW3,FAIL,"loss 2.0%, min/avg/max 0.379/0.523/0.717 ms","0% loss, max RTT < 5 ms","--- 192.168.1.211 ping statistics --- 200 packets transmitted, 196 received, 2% packet loss, time 40677ms rtt min/avg/max/mdev = 0.379/0.523/0.717/0.050 ms",2026-09-22T19:00:38Z
Digital,Ethernet (RJ45),NW4,NO DATA,"unit rx 94 Mbit/s, unit tx 94 Mbit/s -- but the driving host's ens9 negotiates 100 Mb/s, so this is the path, not the unit",>= 900 Mbit/s each way,"driving host 192.168.1.211: iface ens9, link 100 Mb/s --- unit receiving (host -> unit) --- - - - - - - - - - - - - - - - - - - - - - - - - - [ ID] Interval Transfer Bitrate Retr [ 5] 0.00-10.00 sec 113 MBytes 94.6 Mbits/sec 0 sender [ 5] 0.00-10.01 sec 112 MBytes 93.9 Mbits/sec receiver iperf Done. --- unit sending (unit -> host, -R) --- - - - - - - - - - - - - - - - - - - - - - - - - - [ ID] ...",2026-09-22T19:01:03Z
Digital,Ethernet (RJ45),NW2,FAIL,"deltas over NW3+NW4: {'rx_errors': 0, 'rx_dropped': 2, 'rx_missed': 0, 'tx_errors': 0, 'tx_dropped': 0, 'tx_carrier': 0, 'tx_collsns': 0}; idle control (30 s): {'rx_errors': 0, 'rx_dropped': 0, 'rx_missed': 0, 'tx_errors': 0, 'tx_dropped': 0, 'tx_carrier': 0, 'tx_collsns': 0}",all zero for the run,"--- before NW3 --- 2: eth0: <BROADCAST,MULTICAST,UP,LOWER_UP> mtu 1500 qdisc mq state UP mode DEFAULT group default qlen 1000 link/ether d8:3a:dd:82:d6:45 brd ff:ff:ff:ff:ff:ff RX: bytes packets errors dropped missed mcast 237050160 260473 0 137 0 57965 TX: bytes packets errors dropped carrier collsns 130402979 162104 0 0 0 0 --- after NW4 --- 2: eth0: <BROADCAST,MULTICAST,UP,LOWER_UP> mtu 1500...",2026-09-22T19:01:33Z
DSP PCBA (H1S1 MCU wiring),H1S1 MCU (STM32U575) link,ML1,PASS,"Sys001Test001 (5414) x3 = ['0x00', '0x00', '0x00'], [111.1, 110.4, 110.4] ms",3 identical answers within the bus timeout,"{""mode"": ""cell"", ""cell"": 5414, ""reps"": 3, ""reads"": [{""value"": 0, ""ms"": 111.1, ""raw"": ""+\n+\nimjn\n""}, {""value"": 0, ""ms"": 110.4, ""raw"": ""+\n+\nimjn\n""}, {""value"": 0, ""ms"": 110.4, ""raw"": ""+\n+\nimjn\n""}], ""answered"": 3, ""identical"": true}",2026-09-22T19:01:40Z
Assemblies,S MCU H1S1 (STM32U575),ML1,PASS,"Sys001Test001 (5414) x3 = ['0x00', '0x00', '0x00'], [111.1, 110.4, 110.4] ms",3 identical answers within the bus timeout,"{""mode"": ""cell"", ""cell"": 5414, ""reps"": 3, ""reads"": [{""value"": 0, ""ms"": 111.1, ""raw"": ""+\n+\nimjn\n""}, {""value"": 0, ""ms"": 110.4, ""raw"": ""+\n+\nimjn\n""}, {""value"": 0, ""ms"": 110.4, ""raw"": ""+\n+\nimjn\n""}], ""answered"": 3, ""identical"": true}",2026-09-22T19:01:40Z
DSP PCBA (H1S1 MCU wiring),H1S1 MCU (STM32U575) link,ML2,NO DATA,no H1S1 version cell; host side H1S1.shex 5dc7acdea662f9153b09b816f9ae76b2,non-zero version equal to the H1S1.shex manifest,"PREREQUISITE: H1S1 firmware-version cell (spec prereq 1). H1S1's whole local cell table is Sys001Enc001/Sys001Skin001/Sys001Test001/Sys001Test002 (~/build-h1s1/Core/Inc/matrix.cs:11-18); no *Ver*/*Build* cell exists. The only identity it publishes is the S_TEST string ""// H1S1 DSP"" (matrix.cs:46). Host side reads: 5dc7acdea662f9153b09b816f9ae76b2 /home/app/firmware/H1S1.shex %s",2026-09-22T19:01:41Z
Assemblies,S MCU H1S1 (STM32U575),ML2,NO DATA,no H1S1 version cell; host side H1S1.shex 5dc7acdea662f9153b09b816f9ae76b2,non-zero version equal to the H1S1.shex manifest,"PREREQUISITE: H1S1 firmware-version cell (spec prereq 1). H1S1's whole local cell table is Sys001Enc001/Sys001Skin001/Sys001Test001/Sys001Test002 (~/build-h1s1/Core/Inc/matrix.cs:11-18); no *Ver*/*Build* cell exists. The only identity it publishes is the S_TEST string ""// H1S1 DSP"" (matrix.cs:46). Host side reads: 5dc7acdea662f9153b09b816f9ae76b2 /home/app/firmware/H1S1.shex %s",2026-09-22T19:01:41Z
Assemblies,M MCU (STM32G031),ML-M,PASS,"ML1=PASS; S_TEST identities: {'H1S1': '// H1S1 DSP', 'H1S4': '// H1S4 SW Left', 'H1S3': '// H1S3 SW Right'}","ML1 PASS (version, if published, reads)","{""mode"": ""stest"", ""window_ms"": 3014.9, ""mcus"": {""H1S1"": ""// H1S1 DSP"", ""H1S4"": ""// H1S4 SW Left"", ""H1S3"": ""// H1S3 SW Right""}, ""raw"": ""+\n:\n.\n:\n.\n:\n.\n:\n+\n// H1S1 DSP\n// H1S4 SW Left\n// H1S3 SW Right\n.\n:\n.\n:\n.\n:\n.\n:\n.\n:\n.\n""} MH1 firmware is not in ~/build-h1s1, so whether it publishes a version cell is UNKNOWN; no version was read.",2026-09-22T19:01:46Z
DSP PCBA (H1S1 MCU wiring),Right panel MCU link (fw.csv SW_RIGHT),ML-P1,PASS,H1S3 S_TEST = '// H1S3 SW Right'; app log: 22/09/2026 19:59:28.721894: MCU verified: // H1S1 DSP | 22/09/2026 19:59:28.723907: MCU verified: // H1S4 SW Left | 22/09/2026 19:59:28.723972: MCU verified: // H1S3 SW Right,"id answers (fw.csv SW_RIGHT = STM32F030R8, not carried on the wire)","{""mode"": ""stest"", ""window_ms"": 3011.0, ""mcus"": {""H1S1"": ""// H1S1 DSP"", ""H1S4"": ""// H1S4 SW Left"", ""H1S3"": ""// H1S3 SW Right""}, ""raw"": ""+\n:\n.\n:\n.\n:\n.\n:\n+\n// H1S1 DSP\n// H1S4 SW Left\n// H1S3 SW Right\n.\n:\n.\n:\n.\n:\n.\n:\n.\n:\n.\n:\n""} --- matrix-app /home/app/logs/log --- 22/09/2026 19:59:28.721894: MCU verified: // H1S1 DSP 22/09/2026 19:59:28.723907: MCU verified: // H1S4 SW Lef...",2026-09-22T19:01:51Z
Inter-board links,Link 'dig-panel-a',ML-P1,PASS,H1S3 S_TEST = '// H1S3 SW Right'; app log: 22/09/2026 19:59:28.721894: MCU verified: // H1S1 DSP | 22/09/2026 19:59:28.723907: MCU verified: // H1S4 SW Left | 22/09/2026 19:59:28.723972: MCU verified: // H1S3 SW Right,"id answers (fw.csv SW_RIGHT = STM32F030R8, not carried on the wire)","{""mode"": ""stest"", ""window_ms"": 3011.0, ""mcus"": {""H1S1"": ""// H1S1 DSP"", ""H1S4"": ""// H1S4 SW Left"", ""H1S3"": ""// H1S3 SW Right""}, ""raw"": ""+\n:\n.\n:\n.\n:\n.\n:\n+\n// H1S1 DSP\n// H1S4 SW Left\n// H1S3 SW Right\n.\n:\n.\n:\n.\n:\n.\n:\n.\n:\n.\n:\n""} --- matrix-app /home/app/logs/log --- 22/09/2026 19:59:28.721894: MCU verified: // H1S1 DSP 22/09/2026 19:59:28.723907: MCU verified: // H1S4 SW Lef...",2026-09-22T19:01:51Z
DSP PCBA (H1S1 MCU wiring),Right panel MCU link (fw.csv SW_RIGHT),ML-B0,NO DATA,no BOOT0/NRST drive on H1S1,ROM ACK 0x79 and re-enumeration,"PREREQUISITE: BOOT0/NRST drive from H1S1 (spec prereq 6). No BOOT0, NRST, S9 or S13 anywhere in ~/build-h1s1; H1S1's entire GPIO set is CS1-8, RST_C, CS_M, CS_C, BLINK, BUSY, S2, S3 (Core/Inc/main.h:59-91).",2026-09-22T19:01:56Z
DSP PCBA (H1S1 MCU wiring),Left panel MCU link (fw.csv SW_LEFT),ML-B0,NO DATA,no BOOT0/NRST drive on H1S1,ROM ACK 0x79 and re-enumeration,"PREREQUISITE: BOOT0/NRST drive from H1S1 (spec prereq 6). No BOOT0, NRST, S9 or S13 anywhere in ~/build-h1s1; H1S1's entire GPIO set is CS1-8, RST_C, CS_M, CS_C, BLINK, BUSY, S2, S3 (Core/Inc/main.h:59-91).",2026-09-22T19:01:56Z
DSP PCBA (H1S1 MCU wiring),Left panel MCU link (fw.csv SW_LEFT),ML-P2,PASS,H1S4 S_TEST = '// H1S4 SW Left'; app log: 22/09/2026 19:59:28.721894: MCU verified: // H1S1 DSP | 22/09/2026 19:59:28.723907: MCU verified: // H1S4 SW Left | 22/09/2026 19:59:28.723972: MCU verified: // H1S3 SW Right,"id answers (fw.csv SW_LEFT = STM32F030R8, not carried on the wire)","{""mode"": ""stest"", ""window_ms"": 3011.5, ""mcus"": {""H1S1"": ""// H1S1 DSP"", ""H1S4"": ""// H1S4 SW Left"", ""H1S3"": ""// H1S3 SW Right""}, ""raw"": ""+\n.\n:\n.\n:\n.\n:\n.\n+\n// H1S1 DSP\n// H1S4 SW Left\n// H1S3 SW Right\n:\n.\n:\n.\n:\n.\n:\n.\n:\n.\n:\n.\n""} --- matrix-app /home/app/logs/log --- 22/09/2026 19:59:28.721894: MCU verified: // H1S1 DSP 22/09/2026 19:59:28.723907: MCU verified: // H1S4 SW Lef...",2026-09-22T19:01:56Z
Inter-board links,Link 'dig-panel-b',ML-P2,PASS,H1S4 S_TEST = '// H1S4 SW Left'; app log: 22/09/2026 19:59:28.721894: MCU verified: // H1S1 DSP | 22/09/2026 19:59:28.723907: MCU verified: // H1S4 SW Left | 22/09/2026 19:59:28.723972: MCU verified: // H1S3 SW Right,"id answers (fw.csv SW_LEFT = STM32F030R8, not carried on the wire)","{""mode"": ""stest"", ""window_ms"": 3011.5, ""mcus"": {""H1S1"": ""// H1S1 DSP"", ""H1S4"": ""// H1S4 SW Left"", ""H1S3"": ""// H1S3 SW Right""}, ""raw"": ""+\n.\n:\n.\n:\n.\n:\n.\n+\n// H1S1 DSP\n// H1S4 SW Left\n// H1S3 SW Right\n:\n.\n:\n.\n:\n.\n:\n.\n:\n.\n:\n.\n""} --- matrix-app /home/app/logs/log --- 22/09/2026 19:59:28.721894: MCU verified: // H1S1 DSP 22/09/2026 19:59:28.723907: MCU verified: // H1S4 SW Lef...",2026-09-22T19:01:56Z
DSP PCBA (H1S1 MCU wiring),Codec select CS_C (fw.csv Codec),CC1,PASS,05H = 0xBB,"0xBB (MGN2L/MGN2R = +27 dB, the StartAK4619 image)",05H -> 0xBB guard 0x43 ANSWERED,2026-09-22T19:01:57Z
Assemblies,Codec AK4619,CC1,PASS,05H = 0xBB,"0xBB (MGN2L/MGN2R = +27 dB, the StartAK4619 image)",05H -> 0xBB guard 0x43 ANSWERED,2026-09-22T19:01:57Z
DSP PCBA (H1S1 MCU wiring),Codec select CS_C (fw.csv Codec),CC2,PASS,05H 0xBB -> MGN2R 5 -> 0xB5 -> restored 0xBB,"read-back tracks the write, and 05H is restored",before=0xBB write MGN2R=5: 05H := 0xB5 read: 05H -> 0xB5 guard 0x43 ANSWERED restore MGN2R=11: 05H := 0xBB read: 05H -> 0xBB guard 0x43 ANSWERED,2026-09-22T19:01:59Z
Assemblies,Codec AK4619,CC2,PASS,05H 0xBB -> MGN2R 5 -> 0xB5 -> restored 0xBB,"read-back tracks the write, and 05H is restored",before=0xBB write MGN2R=5: 05H := 0xB5 read: 05H -> 0xB5 guard 0x43 ANSWERED restore MGN2R=11: 05H := 0xBB read: 05H -> 0xBB guard 0x43 ANSWERED,2026-09-22T19:01:59Z
DSP PCBA (H1S1 MCU wiring),Mic-gain chain latch CS_M (fw.csv MicGain),MC1,PASS,"wrote 05 09 0D 11 15 19 1D 21 25 29 2D 31 35 39 3D 41 45 49 4D 51 55 59 5D 61 00, read back: VERIFIED 200/200 05 09 0D 11 15 19 1D 21 25 29 2D 31 35 39 3D 41 45 49 4D 51 55 59 5D 61 00",read-back equals the image,image=05 09 0D 11 15 19 1D 21 25 29 2D 31 35 39 3D 41 45 49 4D 51 55 59 5D 61 00 VERIFIED 200/200 05 09 0D 11 15 19 1D 21 25 29 2D 31 35 39 3D 41 45 49 4D 51 55 59 5D 61 00 | pass1 FC FC FC FC 00 43 00 05 00 C3 00 05 B5 43 00 05 00 C3 00 05 BB 43 00 05 00,2026-09-22T19:02:00Z
DSP PCBA (H1S1 MCU wiring),Mic-gain chain latch CS_M (fw.csv MicGain),MC2,PASS,"wrote SAFE 01 01 01 01 01 01 01 01 01 01 01 01 01 01 01 01 01 01 01 01 01 01 01 01 00, read back: VERIFIED 200/200 01 01 01 01 01 01 01 01 01 01 01 01 01 01 01 01 01 01 01 01 01 01 01 01 00","read-back equals SAFE (gain 0, phantom off, MUTED)",image=01 01 01 01 01 01 01 01 01 01 01 01 01 01 01 01 01 01 01 01 01 01 01 01 00 VERIFIED 200/200 01 01 01 01 01 01 01 01 01 01 01 01 01 01 01 01 01 01 01 01 01 01 01 01 00 | pass1 05 09 0D 11 15 19 1D 21 25 29 2D 31 35 39 3D 41 45 49 4D 51 55 59 5D 61 00,2026-09-22T19:02:00Z
DSP PCBA (H1S1 MCU wiring),Mic-gain chain latch CS_M (fw.csv MicGain),MC3,PASS,MC1 read-back is not all-zeros; guard not invoked; CS_M (GPIO27) = 27: op -- pu | hi // GPIO27 = output,"not all-zeros, or the CS_M level explains it","MC1 read-back: VERIFIED 200/200 05 09 0D 11 15 19 1D 21 25 29 2D 31 35 39 3D 41 45 49 4D 51 55 59 5D 61 00 | pass1 FC FC FC FC 00 43 00 05 00 C3 00 05 B5 43 00 05 00 C3 00 05 BB 43 00 05 00 CS_M at the CM4 end (GPIO27): 27: op -- pu | hi // GPIO27 = output The analog-board end of CS_M is not readable through H1S1 (no such command); the CM4 end is, and GPIO27 in pull-DOWN holds CS_M LOW, which g...",2026-09-22T19:02:01Z
DSP PCBA (H1S1 MCU wiring),DSP reset RST_D (fw.csv Reset),DR1,PASS,FRAME_COUNT 8747 -> 13198 advancing; after !RST_D (GPIO16) low 50 ms: None -> None,heartbeat stops within one block period,"before: FRAME_COUNT 8747 -> 13198 after the pulse: ERROR: SPI_RDY never asserted — DSP held in reset, not booted, or the RDY polarity is inverted (try --rdy-active-low) === DSP4 chip 1 diagnostics === --- ERROR: SPI_RDY never asserted — DSP held in reset, not booted, or the RDY polarity is inverted (try --rdy-active-low) === DSP4 chip 1 diagnostics ===",2026-09-22T19:02:16Z
DSP PCBA (H1S1 MCU wiring),DSP reset RST_D (fw.csv Reset),DR2,PASS,"BOOT_STAGE 7/7, BUILD_ID 0x20260812/0x20260812, 29 lanes CARRYING",both SHARCs boot and answer; BOOT_STAGE 7,"--- boot cycle 1 --- pins: 6,24 op dh, 8,12 ip, 7,9,10,11,22,23,25 a0 !RST_D pulsed (GPIO16), 0.500s settle chip 1: attempt 1/2 OK — 427008 bytes sent on CS1 (GPIO6), RDY on GPIO8, 572.6 ms (100% unsynced collision risk) chip 2: attempt 1/2 OK — 367616 bytes sent on CS2 (GPIO24), RDY on GPIO12, 495.3 ms (100% unsynced collision risk) booted 2 chip(s) at 10000000 Hz, SPI mode 1, 0 B/transfer, SP...",2026-09-22T19:02:28Z
DSP PCBA (H1S1 MCU wiring),DSP chip-select CS1 (fw.csv Dsp1),DC1-CS1,PASS,CS1 asserted (GPIO6): CHIP_ID 1 BUILD_ID 0x20260812,the addressed part answers CHIP_ID 1,=== DSP4 chip 1 diagnostics === MAGIC 0xD5B40001 CHIP_ID 1 (DSPA/U6) BOOT_STAGE 7 running BOOT_CFG 1 FRAME_COUNT 18142 TICKS 5398 SEC_COUNT 18145 LAST_CSID 37 SPORT0_A_DMA (block clock) UNK_CSID 0 UNK_COUNT 0 BLK_OVERRUN 3900 SPI_RX_COUNT 5189 SPI_ERR_COUNT 0 SPI_STAT 0x00540001 SPI_STAT_STK 0x00144023 RESP_DROP 0 PRODUCT_ID 1 LED_MODE 0 SPORT0_ERR_A 0x00000000 DMA0_STAT 0x00006200 SPI_CTL 0x00...,2026-09-22T19:02:29Z
DSP PCBA (H1S1 MCU wiring),DSP chip-select CS2 (fw.csv Dsp2),DC1-CS2,PASS,CS2 asserted (GPIO24): CHIP_ID 2 BUILD_ID 0x20260812,the addressed part answers CHIP_ID 2,=== DSP4 chip 2 diagnostics === MAGIC 0xD5B40001 CHIP_ID 2 (DSPB/U5) BOOT_STAGE 7 running BOOT_CFG 1 FRAME_COUNT 18862 TICKS 5463 SEC_COUNT 18866 LAST_CSID 37 SPORT0_A_DMA (block clock) UNK_CSID 0 UNK_COUNT 0 BLK_OVERRUN 4951 SPI_RX_COUNT 114 SPI_ERR_COUNT 0 SPI_STAT 0x00540001 SPI_STAT_STK 0x00144023 RESP_DROP 0 PRODUCT_ID 1 LED_MODE 0 SPORT0_ERR_A 0x00000000 DMA0_STAT 0x00006200 SPI_CTL 0x000...,2026-09-22T19:02:30Z
DSP PCBA (H1S1 MCU wiring),DSP chip-select CS3 (fw.csv Dsp3),DC1-CS3,NO DATA,CS3 is not a chip select on DSP4: 8: ip    pu | hi // GPIO8 = input,n/a -- assert-one-read-one does not apply,"SPEC CORRECTION. CS3/CS4 are wired to DSPA/DSPB SPI_RDY and are INPUTS (MW/D24/HW/hardware-map.md:193-195; dsp4_boot.py RDY_GPIO = {1: 8, 2: 12}). Level read at the CM4 end: 8: ip pu | hi // GPIO8 = input. A 10K pulldown on each part rests the line ASSERTED, so the level does not prove a part is alive either.",2026-09-22T19:02:30Z
DSP PCBA (H1S1 MCU wiring),DSP chip-select CS4 (fw.csv Dsp4),DC1-CS4,NO DATA,CS4 is not a chip select on DSP4: 12: ip    pd | hi // GPIO12 = input,n/a -- assert-one-read-one does not apply,"SPEC CORRECTION. CS3/CS4 are wired to DSPA/DSPB SPI_RDY and are INPUTS (MW/D24/HW/hardware-map.md:193-195; dsp4_boot.py RDY_GPIO = {1: 8, 2: 12}). Level read at the CM4 end: 12: ip pd | hi // GPIO12 = input. A 10K pulldown on each part rests the line ASSERTED, so the level does not prove a part is alive either.",2026-09-22T19:02:30Z
DSP PCBA (H1S1 MCU wiring),DSP chip-select CS5 (fw.csv Dsp5),DC1-CS5,NO DATA,CS5 has no part behind it on DSP4,n/a -- 8-DSP scaling provision,"SPEC CORRECTION. hardware-map.md:410-411: ""CS1-8 DSP chip-select provision (8-DSP scaling -- only CS1/CS2 live on DSP4; CS3/CS4 wired as DSP1/2 SPI_RDY)"". CS5-CS8 reach no fitted part, so no read can answer and none ever will on this board.",2026-09-22T19:02:30Z
DSP PCBA (H1S1 MCU wiring),DSP chip-select CS6 (fw.csv Dsp6),DC1-CS6,NO DATA,CS6 has no part behind it on DSP4,n/a -- 8-DSP scaling provision,"SPEC CORRECTION. hardware-map.md:410-411: ""CS1-8 DSP chip-select provision (8-DSP scaling -- only CS1/CS2 live on DSP4; CS3/CS4 wired as DSP1/2 SPI_RDY)"". CS5-CS8 reach no fitted part, so no read can answer and none ever will on this board.",2026-09-22T19:02:30Z
DSP PCBA (H1S1 MCU wiring),DSP chip-select CS7 (fw.csv Dsp7),DC1-CS7,NO DATA,CS7 has no part behind it on DSP4,n/a -- 8-DSP scaling provision,"SPEC CORRECTION. hardware-map.md:410-411: ""CS1-8 DSP chip-select provision (8-DSP scaling -- only CS1/CS2 live on DSP4; CS3/CS4 wired as DSP1/2 SPI_RDY)"". CS5-CS8 reach no fitted part, so no read can answer and none ever will on this board.",2026-09-22T19:02:30Z
DSP PCBA (H1S1 MCU wiring),DSP chip-select CS8 (fw.csv Dsp8),DC1-CS8,NO DATA,CS8 has no part behind it on DSP4,n/a -- 8-DSP scaling provision,"SPEC CORRECTION. hardware-map.md:410-411: ""CS1-8 DSP chip-select provision (8-DSP scaling -- only CS1/CS2 live on DSP4; CS3/CS4 wired as DSP1/2 SPI_RDY)"". CS5-CS8 reach no fitted part, so no read can answer and none ever will on this board.",2026-09-22T19:02:30Z
DSP PCBA (H1S1 MCU wiring),DSP chip-select CS1 (fw.csv Dsp1),DC2-CS1,PASS,"CS1: CHIP_ID 1 BUILD_ID 0x20260812, build cfg triple ['0xCF45FF10', '0xE2018E6F', '0xC47C0F26'] (S82-signed: True)","id answers behind the select; fw.csv Dsp1 declares a pin and net, not a part number, so there is nothing on the wire to match it against","chip 1: raw 0xCF45FF10 BLOCK 16 CCLK 983.040 MHz BLOCK_MASK 7 on: DSP4_BLOCK_KERNELS, DSP4_BLK_LATCH, DSP4_CHAN_MASK, DSP4_SCOPE_GATE, DSP4_BQ_FLOAT, DSP4_GAIN_FLOAT, DSP4_BQ_ROUNDONCE off: DSP4_BISECT, DSP4_TXPROBE, DSP4_PROFILE_SIGNAL, DSP4_BQ_GUARD budget 327680 cycles/block (983.040 MHz x 16 / 48000) == the shipping configuration raw2 0xE2018E6F DSP4_TX_EARLY 2 (chip 2 TX) — outputs written...",2026-09-22T19:02:31Z
DSP PCBA (H1S1 MCU wiring),DSP chip-select CS2 (fw.csv Dsp2),DC2-CS2,PASS,"CS2: CHIP_ID 2 BUILD_ID 0x20260812, build cfg triple ['0xCF45FF10', '0xE2018E6F', '0xC47C0F26'] (S82-signed: True)","id answers behind the select; fw.csv Dsp2 declares a pin and net, not a part number, so there is nothing on the wire to match it against","chip 2: raw 0xCF45FF10 BLOCK 16 CCLK 983.040 MHz BLOCK_MASK 7 on: DSP4_BLOCK_KERNELS, DSP4_BLK_LATCH, DSP4_CHAN_MASK, DSP4_SCOPE_GATE, DSP4_BQ_FLOAT, DSP4_GAIN_FLOAT, DSP4_BQ_ROUNDONCE off: DSP4_BISECT, DSP4_TXPROBE, DSP4_PROFILE_SIGNAL, DSP4_BQ_GUARD budget 327680 cycles/block (983.040 MHz x 16 / 48000) == the shipping configuration raw2 0xE2018E6F DSP4_TX_EARLY 2 (chip 2 TX) — outputs written...",2026-09-22T19:02:32Z
DSP PCBA (H1S1 MCU wiring),DSP chip-select CS3 (fw.csv Dsp3),DC2-CS3,NO DATA,CS3 is not a chip select on DSP4: 8: ip    pu | hi // GPIO8 = input,n/a -- assert-one-read-one does not apply,"SPEC CORRECTION. CS3/CS4 are wired to DSPA/DSPB SPI_RDY and are INPUTS (MW/D24/HW/hardware-map.md:193-195; dsp4_boot.py RDY_GPIO = {1: 8, 2: 12}). Level read at the CM4 end: 8: ip pu | hi // GPIO8 = input. A 10K pulldown on each part rests the line ASSERTED, so the level does not prove a part is alive either.",2026-09-22T19:02:32Z
DSP PCBA (H1S1 MCU wiring),DSP chip-select CS4 (fw.csv Dsp4),DC2-CS4,NO DATA,CS4 is not a chip select on DSP4: 12: ip    pd | hi // GPIO12 = input,n/a -- assert-one-read-one does not apply,"SPEC CORRECTION. CS3/CS4 are wired to DSPA/DSPB SPI_RDY and are INPUTS (MW/D24/HW/hardware-map.md:193-195; dsp4_boot.py RDY_GPIO = {1: 8, 2: 12}). Level read at the CM4 end: 12: ip pd | hi // GPIO12 = input. A 10K pulldown on each part rests the line ASSERTED, so the level does not prove a part is alive either.",2026-09-22T19:02:33Z
DSP PCBA (H1S1 MCU wiring),DSP chip-select CS5 (fw.csv Dsp5),DC2-CS5,NO DATA,CS5 has no part behind it on DSP4,n/a -- 8-DSP scaling provision,"SPEC CORRECTION. hardware-map.md:410-411: ""CS1-8 DSP chip-select provision (8-DSP scaling -- only CS1/CS2 live on DSP4; CS3/CS4 wired as DSP1/2 SPI_RDY)"". CS5-CS8 reach no fitted part, so no read can answer and none ever will on this board.",2026-09-22T19:02:33Z
DSP PCBA (H1S1 MCU wiring),DSP chip-select CS6 (fw.csv Dsp6),DC2-CS6,NO DATA,CS6 has no part behind it on DSP4,n/a -- 8-DSP scaling provision,"SPEC CORRECTION. hardware-map.md:410-411: ""CS1-8 DSP chip-select provision (8-DSP scaling -- only CS1/CS2 live on DSP4; CS3/CS4 wired as DSP1/2 SPI_RDY)"". CS5-CS8 reach no fitted part, so no read can answer and none ever will on this board.",2026-09-22T19:02:33Z
DSP PCBA (H1S1 MCU wiring),DSP chip-select CS7 (fw.csv Dsp7),DC2-CS7,NO DATA,CS7 has no part behind it on DSP4,n/a -- 8-DSP scaling provision,"SPEC CORRECTION. hardware-map.md:410-411: ""CS1-8 DSP chip-select provision (8-DSP scaling -- only CS1/CS2 live on DSP4; CS3/CS4 wired as DSP1/2 SPI_RDY)"". CS5-CS8 reach no fitted part, so no read can answer and none ever will on this board.",2026-09-22T19:02:33Z
DSP PCBA (H1S1 MCU wiring),DSP chip-select CS8 (fw.csv Dsp8),DC2-CS8,NO DATA,CS8 has no part behind it on DSP4,n/a -- 8-DSP scaling provision,"SPEC CORRECTION. hardware-map.md:410-411: ""CS1-8 DSP chip-select provision (8-DSP scaling -- only CS1/CS2 live on DSP4; CS3/CS4 wired as DSP1/2 SPI_RDY)"". CS5-CS8 reach no fitted part, so no read can answer and none ever will on this board.",2026-09-22T19:02:33Z
Assemblies,SHARC DSP A (ADSP-21564),AS-DSPA,PASS,"CHIP_ID 1 BUILD_ID 0x20260812 BOOT_STAGE 7, FRAME_COUNT 32221->36671 (delta 4450), 28/47 lanes CARRYING",heartbeat advancing + build id answers + BOOT_STAGE 7,=== DSP4 chip 1 diagnostics === MAGIC 0xD5B40001 CHIP_ID 1 (DSPA/U6) BOOT_STAGE 7 running BOOT_CFG 1 FRAME_COUNT 30788 TICKS 9614 SEC_COUNT 30791 LAST_CSID 37 SPORT0_A_DMA (block clock) UNK_CSID 0 UNK_COUNT 0 BLK_OVERRUN 3900 SPI_RX_COUNT 5361 SPI_ERR_COUNT 0 SPI_STAT 0x00540001 SPI_STAT_STK 0x00144023 RESP_DROP 0 PRODUCT_ID 1 LED_MODE 0 SPORT0_ERR_A 0x00000000 DMA0_STAT 0x00006200 SPI_CTL 0x00...,2026-09-22T19:02:37Z
Inter-board links,Link 'dig-dsp-a',AS-DSPA,PASS,"CHIP_ID 1 BUILD_ID 0x20260812 BOOT_STAGE 7, FRAME_COUNT 32221->36671 (delta 4450), 28/47 lanes CARRYING",heartbeat advancing + build id answers + BOOT_STAGE 7,=== DSP4 chip 1 diagnostics === MAGIC 0xD5B40001 CHIP_ID 1 (DSPA/U6) BOOT_STAGE 7 running BOOT_CFG 1 FRAME_COUNT 30788 TICKS 9614 SEC_COUNT 30791 LAST_CSID 37 SPORT0_A_DMA (block clock) UNK_CSID 0 UNK_COUNT 0 BLK_OVERRUN 3900 SPI_RX_COUNT 5361 SPI_ERR_COUNT 0 SPI_STAT 0x00540001 SPI_STAT_STK 0x00144023 RESP_DROP 0 PRODUCT_ID 1 LED_MODE 0 SPORT0_ERR_A 0x00000000 DMA0_STAT 0x00006200 SPI_CTL 0x00...,2026-09-22T19:02:37Z
Assemblies,SHARC DSP B (ADSP-21564),AS-DSPB,PASS,"CHIP_ID 2 BUILD_ID 0x20260812 BOOT_STAGE 7, FRAME_COUNT 45213->49708 (delta 4495)",heartbeat advancing + build id answers + BOOT_STAGE 7,=== DSP4 chip 2 diagnostics === MAGIC 0xD5B40001 CHIP_ID 2 (DSPB/U5) BOOT_STAGE 7 running BOOT_CFG 1 FRAME_COUNT 43726 TICKS 13751 SEC_COUNT 43730 LAST_CSID 37 SPORT0_A_DMA (block clock) UNK_CSID 0 UNK_COUNT 0 BLK_OVERRUN 4951 SPI_RX_COUNT 286 SPI_ERR_COUNT 0 SPI_STAT 0x00540001 SPI_STAT_STK 0x00144023 RESP_DROP 0 PRODUCT_ID 1 LED_MODE 0 SPORT0_ERR_A 0x00000000 DMA0_STAT 0x00006200 SPI_CTL 0x00...,2026-09-22T19:02:40Z
Inter-board links,Link 'dig-dsp-b',AS-DSPB,PASS,"CHIP_ID 2 BUILD_ID 0x20260812 BOOT_STAGE 7, FRAME_COUNT 45213->49708 (delta 4495)",heartbeat advancing + build id answers + BOOT_STAGE 7,=== DSP4 chip 2 diagnostics === MAGIC 0xD5B40001 CHIP_ID 2 (DSPB/U5) BOOT_STAGE 7 running BOOT_CFG 1 FRAME_COUNT 43726 TICKS 13751 SEC_COUNT 43730 LAST_CSID 37 SPORT0_A_DMA (block clock) UNK_CSID 0 UNK_COUNT 0 BLK_OVERRUN 4951 SPI_RX_COUNT 286 SPI_ERR_COUNT 0 SPI_STAT 0x00540001 SPI_STAT_STK 0x00144023 RESP_DROP 0 PRODUCT_ID 1 LED_MODE 0 SPORT0_ERR_A 0x00000000 DMA0_STAT 0x00006200 SPI_CTL 0x00...,2026-09-22T19:02:40Z
Assemblies,CPLD clock master (MAX V),AS-CPLD,NO DATA,design id unreadable under dsp4-pcm-slave; BLK_OVERRUN delta over 10 s: chip1 0 chip2 0,id = d02d83b3cc22 and zero overrun delta,"config.txt: 74:dtoverlay=dsp4-pcm-slave --- logic_id --- design_id: 32'h83b3cc22 cfg_bits: 16'h0010 SHIPPING reply frames 2175 of 144000 captured, 1 distinct reply words --- blk30 chip1 --- chip1: BOOT_STAGE 7->7 SEC_COUNT 95593 chip1: 30011 blocks in 10.0 s = 3000/s (bar 3000/s at BLOCK=16) chip1: BLK_OVERRUN 3900 -> 3900 (delta 0) SPORT0_ERR_A 0x00000000 chip1: BLK_OK --- blk30 chip2 --- chip...",2026-09-22T19:03:05Z
Assemblies,"ADC AK5558 ×3 (U15 dead, U39, U60)",AS-ADC,NO DATA,no mic ADC lane in the scan,U39 and U60 lanes alive and not stuck-at (U15's eight are known dead on MW-D24-2),AN_EN (GPIO26) = 26: op -- pd | lo // GPIO26 = output IN_04 0 0 0 0 16 12 -116.86 -108.93 00000700 00000500 00000e00 CARRYING IN_16 1 1 0 1 16 14 -117.76 -112.45 fffff200 00000600 00001200 CARRYING IN_03 2 2 0 2 16 14 -115.70 -111.63 00000e00 00001100 00000100 CARRYING IN_15 3 3 0 3 16 14 -119.68 -114.95 00000400 fffffc00 fffff600 CARRYING IN_14 4 4 0 4 16 10 -115.57 -111.63 00000400 00000400 0...,2026-09-22T19:03:07Z
Inter-board links,Link 'dig-analog-adc',AS-ADC,NO DATA,no mic ADC lane in the scan,U39 and U60 lanes alive and not stuck-at (U15's eight are known dead on MW-D24-2),AN_EN (GPIO26) = 26: op -- pd | lo // GPIO26 = output IN_04 0 0 0 0 16 12 -116.86 -108.93 00000700 00000500 00000e00 CARRYING IN_16 1 1 0 1 16 14 -117.76 -112.45 fffff200 00000600 00001200 CARRYING IN_03 2 2 0 2 16 14 -115.70 -111.63 00000e00 00001100 00000100 CARRYING IN_15 3 3 0 3 16 14 -119.68 -114.95 00000400 fffffc00 fffff600 CARRYING IN_14 4 4 0 4 16 10 -115.57 -111.63 00000400 00000400 0...,2026-09-22T19:03:07Z
Assemblies,DAC AK4458 ×2,AS-DAC,NO DATA,TX slot read (see evidence); no stimulus on this image (TEST_NODES symbol: False),"slots non-constant while TEST_OSC runs, correct level in dBFS","--- coherent capture of _tx_out_slot_C2_MON_OUT (256 samples) --- _tx_out_slot_C2_MON_OUT at 0x0B10CC, capturing 256 contiguous samples captured True samples, 256 non-zero first 16 Q4.28: +0.00000 +0.00000 +0.00000 +0.00001 -0.00000 +0.00000 +0.00001 +0.00000 -0.00000 +0.00000 +0.00000 -0.00000 -0.00000 +0.00000 -0.00000 -0.00000 chip1 carries _osc_blk_q_C1_TEST_OSC: False PREREQUISITE: a stimu...",2026-09-22T19:03:11Z
Inter-board links,Link 'dig-analog-dac',AS-DAC,NO DATA,TX slot read (see evidence); no stimulus on this image (TEST_NODES symbol: False),"slots non-constant while TEST_OSC runs, correct level in dBFS","--- coherent capture of _tx_out_slot_C2_MON_OUT (256 samples) --- _tx_out_slot_C2_MON_OUT at 0x0B10CC, capturing 256 contiguous samples captured True samples, 256 non-zero first 16 Q4.28: +0.00000 +0.00000 +0.00000 +0.00001 -0.00000 +0.00000 +0.00001 +0.00000 -0.00000 +0.00000 +0.00000 -0.00000 -0.00000 +0.00000 -0.00000 -0.00000 chip1 carries _osc_blk_q_C1_TEST_OSC: False PREREQUISITE: a stimu...",2026-09-22T19:03:11Z
Assemblies,"Power MCU (STM32F030F4, always-on)",AS-PWR,NO DATA,no reader for the power MCU's published words; AN_EN (GPIO26) = 26: op -- pd | lo,"state running, PWR_FAIL clear, AN_EN as expected","PREREQUISITE: a reader for the power MCU over MHRX. Nothing in this repo reads the power MCU's state word, PWR_FAIL or its AN_EN view; src/fw/d24-pwr-mcu-def.csv is not in this tree (it is mx26's). AN_EN is not an MCU word at all -- it is CM4 GPIO26, read here as: 26: op -- pd | lo // GPIO26 = output",2026-09-22T19:03:11Z
Left Switch PCBA,Panel MEMS mic (talkback),MM1,NO DATA,1 MEMS lanes all STATIC with AN_EN 26: op -- pd | lo,lane alive; idle floor within the declared window,"AN_EN (GPIO26) = 26: op -- pd | lo // GPIO26 = output XIN_MEMS 46 736 7 0 16 1 -186.64 -186.64 ffffffff ffffffff ffffffff STATIC PREREQUISITE: the analog rails. AN_EN (GPIO26) is low and a dispatched session may not raise it (bench note 19 / S49-15: ""AN_EN is never written by a dispatched session""). With the front ends unpowered a STATIC lane is the test state, not a converter fault, so this is...",2026-09-22T19:03:13Z
Left Switch PCBA,Speaker,SP1,NO DATA,no TEST_OSC -> SPKR route in the topology,1 kHz tone on the MEMS lane >= 20 dB above its idle floor,"DEF ITEM, not a fixture (the spec's own disposition for this case). No node or cell named for the speaker exists: zero hits for spkr/speaker in defs/products/d24/dsp.csv and MW/D24/MX/_matrix.csv. SPKR0/SPKR1 are connector pins only (d24-hw-inventory.csv:1075 Left Switch J2; :278 Analog J59). The path is DSPB O2 = PLL8_1 = CDC_I -> AK4619 codec DAC -> TS482 amp on the Digital board -> panels (h...",2026-09-22T19:03:13Z
Digital,Ethernet (RJ45),NW3,PASS,"host 192.168.1.211: 0.0% loss, min/avg/max 0.374/0.513/0.678 ms; gateway 192.168.1.254: 0.5% loss, max 6.036 ms","0% loss, max RTT < 5 ms","--- to the bench host 192.168.1.211 --- --- 192.168.1.211 ping statistics --- 200 packets transmitted, 200 received, 0% packet loss, time 40665ms rtt min/avg/max/mdev = 0.374/0.513/0.678/0.049 ms --- control: to the default gateway 192.168.1.254 --- --- 192.168.1.254 ping statistics --- 200 packets transmitted, 199 received, 0.5% packet loss, time 40103ms rtt min/avg/max/mdev = 0.412/0.953/6.03...",2026-09-22T19:11:48Z
Digital,Ethernet (RJ45),NW3,FAIL,"bench host 192.168.1.211: worst 1.0% loss over 3 passes [0.0, 1.0, 1.0], max RTT 0.703 ms; gateway 192.168.1.254: worst 1.5% loss over 3 passes [0.0, 0.0, 1.5], max RTT 13.398 ms","0% loss, max RTT < 5 ms","--- bench host 192.168.1.211, pass 1/3 --- --- 192.168.1.211 ping statistics --- 200 packets transmitted, 200 received, 0% packet loss, time 40670ms rtt min/avg/max/mdev = 0.354/0.515/0.703/0.056 ms --- bench host 192.168.1.211, pass 2/3 --- --- 192.168.1.211 ping statistics --- 200 packets transmitted, 198 received, 1% packet loss, time 40680ms rtt min/avg/max/mdev = 0.352/0.513/0.667/0.052 ms...",2026-09-22T19:16:28Z
Assemblies,SHARC DSP A (ADSP-21564),AS-DSPA,PASS,"CHIP_ID 1 BUILD_ID 0x20260812 BOOT_STAGE 7, FRAME_COUNT 10942->15384 (delta 4442), 28/47 lanes CARRYING",heartbeat advancing + build id answers + BOOT_STAGE 7,=== DSP4 chip 1 diagnostics === MAGIC 0xD5B40001 CHIP_ID 1 (DSPA/U6) BOOT_STAGE 7 running BOOT_CFG 1 FRAME_COUNT 9517 TICKS 2521 SEC_COUNT 9519 LAST_CSID 37 SPORT0_A_DMA (block clock) UNK_CSID 0 UNK_COUNT 0 BLK_OVERRUN 3915 SPI_RX_COUNT 510 SPI_ERR_COUNT 0 SPI_STAT 0x00540001 SPI_STAT_STK 0x00144023 RESP_DROP 0 PRODUCT_ID 1 LED_MODE 0 SPORT0_ERR_A 0x00000000 DMA0_STAT 0x00006200 SPI_CTL 0x0001A...,2026-09-22T19:17:03Z
Inter-board links,Link 'dig-dsp-a',AS-DSPA,PASS,"CHIP_ID 1 BUILD_ID 0x20260812 BOOT_STAGE 7, FRAME_COUNT 10942->15384 (delta 4442), 28/47 lanes CARRYING",heartbeat advancing + build id answers + BOOT_STAGE 7,=== DSP4 chip 1 diagnostics === MAGIC 0xD5B40001 CHIP_ID 1 (DSPA/U6) BOOT_STAGE 7 running BOOT_CFG 1 FRAME_COUNT 9517 TICKS 2521 SEC_COUNT 9519 LAST_CSID 37 SPORT0_A_DMA (block clock) UNK_CSID 0 UNK_COUNT 0 BLK_OVERRUN 3915 SPI_RX_COUNT 510 SPI_ERR_COUNT 0 SPI_STAT 0x00540001 SPI_STAT_STK 0x00144023 RESP_DROP 0 PRODUCT_ID 1 LED_MODE 0 SPORT0_ERR_A 0x00000000 DMA0_STAT 0x00006200 SPI_CTL 0x0001A...,2026-09-22T19:17:03Z
Assemblies,SHARC DSP B (ADSP-21564),AS-DSPB,PASS,"CHIP_ID 2 BUILD_ID 0x20260812 BOOT_STAGE 7, FRAME_COUNT 23779->28266 (delta 4487)",heartbeat advancing + build id answers + BOOT_STAGE 7,=== DSP4 chip 2 diagnostics === MAGIC 0xD5B40001 CHIP_ID 2 (DSPB/U5) BOOT_STAGE 7 running BOOT_CFG 1 FRAME_COUNT 22321 TICKS 6684 SEC_COUNT 22325 LAST_CSID 37 SPORT0_A_DMA (block clock) UNK_CSID 0 UNK_COUNT 0 BLK_OVERRUN 4543 SPI_RX_COUNT 463 SPI_ERR_COUNT 0 SPI_STAT 0x00540001 SPI_STAT_STK 0x00144023 RESP_DROP 0 PRODUCT_ID 1 LED_MODE 0 SPORT0_ERR_A 0x00000000 DMA0_STAT 0x00006200 SPI_CTL 0x000...,2026-09-22T19:17:06Z
Inter-board links,Link 'dig-dsp-b',AS-DSPB,PASS,"CHIP_ID 2 BUILD_ID 0x20260812 BOOT_STAGE 7, FRAME_COUNT 23779->28266 (delta 4487)",heartbeat advancing + build id answers + BOOT_STAGE 7,=== DSP4 chip 2 diagnostics === MAGIC 0xD5B40001 CHIP_ID 2 (DSPB/U5) BOOT_STAGE 7 running BOOT_CFG 1 FRAME_COUNT 22321 TICKS 6684 SEC_COUNT 22325 LAST_CSID 37 SPORT0_A_DMA (block clock) UNK_CSID 0 UNK_COUNT 0 BLK_OVERRUN 4543 SPI_RX_COUNT 463 SPI_ERR_COUNT 0 SPI_STAT 0x00540001 SPI_STAT_STK 0x00144023 RESP_DROP 0 PRODUCT_ID 1 LED_MODE 0 SPORT0_ERR_A 0x00000000 DMA0_STAT 0x00006200 SPI_CTL 0x000...,2026-09-22T19:17:06Z
Assemblies,CPLD clock master (MAX V),AS-CPLD,NO DATA,design id unreadable under dsp4-pcm-slave; BLK_OVERRUN delta over 10 s: chip1 0 chip2 0,id = d02d83b3cc22 and zero overrun delta,"config.txt: 74:dtoverlay=dsp4-pcm-slave --- logic_id --- design_id: 32'h83b3cc22 cfg_bits: 16'h0010 SHIPPING reply frames 2175 of 144000 captured, 1 distinct reply words --- blk30 chip1 --- chip1: BOOT_STAGE 7->7 SEC_COUNT 74055 chip1: 30012 blocks in 10.0 s = 3000/s (bar 3000/s at BLOCK=16) chip1: BLK_OVERRUN 3915 -> 3915 (delta 0) SPORT0_ERR_A 0x00000000 chip1: BLK_OK --- blk30 chip2 --- chip...",2026-09-22T19:17:30Z
Assemblies,"ADC AK5558 ×3 (U15 dead, U39, U60)",AS-ADC,NO DATA,no IN_* lanes in the scan,U39 and U60 lanes alive and not stuck-at,AN_EN (GPIO26) = 26: op -- pd | lo // GPIO26 = output IN_04 0 0 0 0 16 14 -117.01 -112.45 ffffee00 ffffef00 fffff600 CARRYING IN_16 1 1 0 1 16 13 -114.85 -106.43 00000200 ffffd800 00000600 CARRYING IN_03 2 2 0 2 16 14 -119.19 -112.90 fffff300 fffffe00 00000500 CARRYING IN_15 3 3 0 3 16 14 -116.33 -110.87 ffffe800 ffffeb00 00000900 CARRYING IN_14 4 4 0 4 16 14 -115.76 -108.10 ffffeb00 00000d00 0...,2026-09-22T19:17:32Z
Inter-board links,Link 'dig-analog-adc',AS-ADC,NO DATA,no IN_* lanes in the scan,U39 and U60 lanes alive and not stuck-at,AN_EN (GPIO26) = 26: op -- pd | lo // GPIO26 = output IN_04 0 0 0 0 16 14 -117.01 -112.45 ffffee00 ffffef00 fffff600 CARRYING IN_16 1 1 0 1 16 13 -114.85 -106.43 00000200 ffffd800 00000600 CARRYING IN_03 2 2 0 2 16 14 -119.19 -112.90 fffff300 fffffe00 00000500 CARRYING IN_15 3 3 0 3 16 14 -116.33 -110.87 ffffe800 ffffeb00 00000900 CARRYING IN_14 4 4 0 4 16 14 -115.76 -108.10 ffffeb00 00000d00 0...,2026-09-22T19:17:32Z
Assemblies,DAC AK4458 ×2,AS-DAC,NO DATA,TX slot read (see evidence); no stimulus on this image (TEST_NODES symbol: False),"slots non-constant while TEST_OSC runs, correct level in dBFS","--- coherent capture of _tx_out_slot_C2_MON_OUT (256 samples) --- _tx_out_slot_C2_MON_OUT at 0x0B10CC, capturing 256 contiguous samples captured True samples, 256 non-zero first 16 Q4.28: +0.00001 +0.00000 -0.00001 +0.00000 +0.00000 -0.00000 +0.00000 -0.00000 +0.00000 -0.00001 -0.00000 -0.00000 +0.00000 +0.00000 +0.00000 -0.00000 chip1 carries _osc_blk_q_C1_TEST_OSC: False PREREQUISITE: a stimu...",2026-09-22T19:17:36Z
Inter-board links,Link 'dig-analog-dac',AS-DAC,NO DATA,TX slot read (see evidence); no stimulus on this image (TEST_NODES symbol: False),"slots non-constant while TEST_OSC runs, correct level in dBFS","--- coherent capture of _tx_out_slot_C2_MON_OUT (256 samples) --- _tx_out_slot_C2_MON_OUT at 0x0B10CC, capturing 256 contiguous samples captured True samples, 256 non-zero first 16 Q4.28: +0.00001 +0.00000 -0.00001 +0.00000 +0.00000 -0.00000 +0.00000 -0.00000 +0.00000 -0.00001 -0.00000 -0.00000 +0.00000 +0.00000 +0.00000 -0.00000 chip1 carries _osc_blk_q_C1_TEST_OSC: False PREREQUISITE: a stimu...",2026-09-22T19:17:36Z
Assemblies,"Power MCU (STM32F030F4, always-on)",AS-PWR,NO DATA,no reader for the power MCU's published words; AN_EN (GPIO26) = 26: op -- pd | lo,"state running, PWR_FAIL clear, AN_EN as expected","PREREQUISITE: a reader for the power MCU over MHRX. Nothing in this repo reads the power MCU's state word, PWR_FAIL or its AN_EN view; src/fw/d24-pwr-mcu-def.csv is not in this tree (it is mx26's). AN_EN is not an MCU word at all -- it is CM4 GPIO26, read here as: 26: op -- pd | lo // GPIO26 = output",2026-09-22T19:17:37Z
Left Switch PCBA,Panel MEMS mic (talkback),MM1,NO DATA,1 MEMS lanes all STATIC with AN_EN 26: op -- pd | lo,lane alive; idle floor within the declared window,"AN_EN (GPIO26) = 26: op -- pd | lo // GPIO26 = output XIN_MEMS 46 736 7 0 16 1 -186.64 -186.64 ffffffff ffffffff ffffffff STATIC PREREQUISITE: the analog rails. AN_EN (GPIO26) is low and a dispatched session may not raise it (bench note 19 / S49-15: ""AN_EN is never written by a dispatched session""). With the front ends unpowered a STATIC lane is the test state, not a converter fault, so this is...",2026-09-22T19:17:39Z
Left Switch PCBA,Speaker,SP1,NO DATA,no TEST_OSC -> SPKR route in the topology,1 kHz tone on the MEMS lane >= 20 dB above its idle floor,"DEF ITEM, not a fixture (the spec's own disposition for this case). No node or cell named for the speaker exists: zero hits for spkr/speaker in defs/products/d24/dsp.csv and MW/D24/MX/_matrix.csv. SPKR0/SPKR1 are connector pins only (d24-hw-inventory.csv:1075 Left Switch J2; :278 Analog J59). The path is DSPB O2 = PLL8_1 = CDC_I -> AK4619 codec DAC -> TS482 amp on the Digital board -> panels (h...",2026-09-22T19:17:39Z
Assemblies,"ADC AK5558 ×3 (U15 dead, U39, U60)",AS-ADC,PASS,"lane 0 (U15): 8/8 CARRYING, rms -117.7..-115.0 dBFS; lane 1 (U39): 8/8 CARRYING, rms -119.2..-114.6 dBFS; lane 2 (U60): 8/8 CARRYING, rms -119.5..-113.8 dBFS; lane 3 (strips 25-32, NET-only (no D24 ADC)): 0/8 CARRYING, rms -186.6..-186.6 dBFS",U39 and U60 lanes alive and not stuck-at (U15's eight known dead),AN_EN (GPIO26) = 26: op -- pd | lo // GPIO26 = output IN_04 0 0 0 0 16 15 -115.05 -107.59 00000400 00001700 00001500 CARRYING IN_16 1 1 0 1 16 14 -115.80 -108.93 00000a00 00000200 00001100 CARRYING IN_03 2 2 0 2 16 15 -116.23 -109.53 00000b00 fffff700 fffffb00 CARRYING IN_15 3 3 0 3 16 13 -116.89 -108.93 fffffa00 00000600 fffff200 CARRYING IN_14 4 4 0 4 16 13 -116.05 -107.84 00000500 fffffe00 f...,2026-09-22T19:18:46Z
Inter-board links,Link 'dig-analog-adc',AS-ADC,PASS,"lane 0 (U15): 8/8 CARRYING, rms -117.7..-115.0 dBFS; lane 1 (U39): 8/8 CARRYING, rms -119.2..-114.6 dBFS; lane 2 (U60): 8/8 CARRYING, rms -119.5..-113.8 dBFS; lane 3 (strips 25-32, NET-only (no D24 ADC)): 0/8 CARRYING, rms -186.6..-186.6 dBFS",U39 and U60 lanes alive and not stuck-at (U15's eight known dead),AN_EN (GPIO26) = 26: op -- pd | lo // GPIO26 = output IN_04 0 0 0 0 16 15 -115.05 -107.59 00000400 00001700 00001500 CARRYING IN_16 1 1 0 1 16 14 -115.80 -108.93 00000a00 00000200 00001100 CARRYING IN_03 2 2 0 2 16 15 -116.23 -109.53 00000b00 fffff700 fffffb00 CARRYING IN_15 3 3 0 3 16 13 -116.89 -108.93 fffffa00 00000600 fffff200 CARRYING IN_14 4 4 0 4 16 13 -116.05 -107.84 00000500 fffffe00 f...,2026-09-22T19:18:46Z
Left Switch PCBA,Panel MEMS mic (talkback),MM1,NO DATA,1 MEMS lanes all STATIC with AN_EN 26: op -- pd | lo,lane alive; idle floor within the declared window,"AN_EN (GPIO26) = 26: op -- pd | lo // GPIO26 = output XIN_MEMS 46 736 7 0 16 1 -186.64 -186.64 ffffffff ffffffff ffffffff STATIC PREREQUISITE: the analog rails. AN_EN (GPIO26) is low and a dispatched session may not raise it (bench note 19 / S49-15: ""AN_EN is never written by a dispatched session""). With the front ends unpowered a STATIC lane is the test state, not a converter fault, so this is...",2026-09-22T19:18:48Z
Assemblies,SHARC DSP A (ADSP-21564),AS-DSPA,PASS,"CHIP_ID 1 BUILD_ID 0x20260812 BOOT_STAGE 7, FRAME_COUNT 11142->15573 (delta 4431), 28/47 lanes CARRYING",heartbeat advancing + build id answers + BOOT_STAGE 7,=== DSP4 chip 1 diagnostics === MAGIC 0xD5B40001 CHIP_ID 1 (DSPA/U6) BOOT_STAGE 7 running BOOT_CFG 1 FRAME_COUNT 9479 TICKS 2500 SEC_COUNT 9481 LAST_CSID 37 SPORT0_A_DMA (block clock) UNK_CSID 0 UNK_COUNT 0 BLK_OVERRUN 3963 SPI_RX_COUNT 510 SPI_ERR_COUNT 0 SPI_STAT 0x00540001 SPI_STAT_STK 0x00144023 RESP_DROP 0 PRODUCT_ID 1 LED_MODE 0 SPORT0_ERR_A 0x00000000 DMA0_STAT 0x00006200 SPI_CTL 0x0001A...,2026-09-22T19:19:51Z
Inter-board links,Link 'dig-dsp-a',AS-DSPA,PASS,"CHIP_ID 1 BUILD_ID 0x20260812 BOOT_STAGE 7, FRAME_COUNT 11142->15573 (delta 4431), 28/47 lanes CARRYING",heartbeat advancing + build id answers + BOOT_STAGE 7,=== DSP4 chip 1 diagnostics === MAGIC 0xD5B40001 CHIP_ID 1 (DSPA/U6) BOOT_STAGE 7 running BOOT_CFG 1 FRAME_COUNT 9479 TICKS 2500 SEC_COUNT 9481 LAST_CSID 37 SPORT0_A_DMA (block clock) UNK_CSID 0 UNK_COUNT 0 BLK_OVERRUN 3963 SPI_RX_COUNT 510 SPI_ERR_COUNT 0 SPI_STAT 0x00540001 SPI_STAT_STK 0x00144023 RESP_DROP 0 PRODUCT_ID 1 LED_MODE 0 SPORT0_ERR_A 0x00000000 DMA0_STAT 0x00006200 SPI_CTL 0x0001A...,2026-09-22T19:19:51Z
Assemblies,SHARC DSP B (ADSP-21564),AS-DSPB,PASS,"CHIP_ID 2 BUILD_ID 0x20260812 BOOT_STAGE 7, FRAME_COUNT 23949->28785 (delta 4836)",heartbeat advancing + build id answers + BOOT_STAGE 7,=== DSP4 chip 2 diagnostics === MAGIC 0xD5B40001 CHIP_ID 2 (DSPB/U5) BOOT_STAGE 7 running BOOT_CFG 1 FRAME_COUNT 22471 TICKS 6744 SEC_COUNT 22475 LAST_CSID 37 SPORT0_A_DMA (block clock) UNK_CSID 0 UNK_COUNT 0 BLK_OVERRUN 4484 SPI_RX_COUNT 463 SPI_ERR_COUNT 0 SPI_STAT 0x00540001 SPI_STAT_STK 0x00144023 RESP_DROP 0 PRODUCT_ID 1 LED_MODE 0 SPORT0_ERR_A 0x00000000 DMA0_STAT 0x00006200 SPI_CTL 0x000...,2026-09-22T19:19:54Z
Inter-board links,Link 'dig-dsp-b',AS-DSPB,PASS,"CHIP_ID 2 BUILD_ID 0x20260812 BOOT_STAGE 7, FRAME_COUNT 23949->28785 (delta 4836)",heartbeat advancing + build id answers + BOOT_STAGE 7,=== DSP4 chip 2 diagnostics === MAGIC 0xD5B40001 CHIP_ID 2 (DSPB/U5) BOOT_STAGE 7 running BOOT_CFG 1 FRAME_COUNT 22471 TICKS 6744 SEC_COUNT 22475 LAST_CSID 37 SPORT0_A_DMA (block clock) UNK_CSID 0 UNK_COUNT 0 BLK_OVERRUN 4484 SPI_RX_COUNT 463 SPI_ERR_COUNT 0 SPI_STAT 0x00540001 SPI_STAT_STK 0x00144023 RESP_DROP 0 PRODUCT_ID 1 LED_MODE 0 SPORT0_ERR_A 0x00000000 DMA0_STAT 0x00006200 SPI_CTL 0x000...,2026-09-22T19:19:54Z
Assemblies,CPLD clock master (MAX V),AS-CPLD,NO DATA,design id unreadable under dsp4-pcm-slave; BLK_OVERRUN delta over 10 s: chip1 0 chip2 0,id = d02d83b3cc22 and zero overrun delta,"config.txt: 74:dtoverlay=dsp4-pcm-slave --- logic_id --- design_id: 32'h83b3cc22 cfg_bits: 16'h0010 SHIPPING reply frames 2175 of 144000 captured, 1 distinct reply words --- blk30 chip1 --- chip1: BOOT_STAGE 7->7 SEC_COUNT 74487 chip1: 30011 blocks in 10.0 s = 3000/s (bar 3000/s at BLOCK=16) chip1: BLK_OVERRUN 3963 -> 3963 (delta 0) SPORT0_ERR_A 0x00000000 chip1: BLK_OK --- blk30 chip2 --- chip...",2026-09-22T19:20:19Z
Inter-board links,Link 'hdmi-pwr',HD-PWR,PASS,inferred from HD0-1 PASS,HD0-1 PASS,inferred from HD0-1 = PASS,2026-09-22T20:00:15Z
HDMI FPC (rev B),Display link HDMI0 → TFT,HD0-2,NO DATA,"connected on 60 of 60 samples over 3540 s, drm hotplug uevents 0 (window short of the spec)",">= 3600 s, no state change, hotplug count unchanged",samples=60 interval=60s duration=3540s states=['connected'] drm_uevents=0 first: 2026-09-22T18:59:55Z connected last: 2026-09-22T19:58:55Z connected,2026-09-22T20:00:15Z
Assemblies,TFT display,HD0-2,NO DATA,"connected on 60 of 60 samples over 3540 s, drm hotplug uevents 0 (window short of the spec)",">= 3600 s, no state change, hotplug count unchanged",samples=60 interval=60s duration=3540s states=['connected'] drm_uevents=0 first: 2026-09-22T18:59:55Z connected last: 2026-09-22T19:58:55Z connected,2026-09-22T20:00:15Z
HDMI FPC (rev B),Display link HDMI0 → TFT,HD0-2,PASS,"connected on 61 of 61 samples over 3600 s, drm hotplug uevents 0",">= 3600 s, no state change, hotplug count unchanged",samples=61 interval=60s duration=3600s states=['connected'] drm_uevents=0 first: 2026-09-22T20:00:40Z connected last: 2026-09-22T21:00:40Z connected,2026-09-22T21:01:44Z
Assemblies,TFT display,HD0-2,PASS,"connected on 61 of 61 samples over 3600 s, drm hotplug uevents 0",">= 3600 s, no state change, hotplug count unchanged",samples=61 interval=60s duration=3600s states=['connected'] drm_uevents=0 first: 2026-09-22T20:00:40Z connected last: 2026-09-22T21:00:40Z connected,2026-09-22T21:01:44Z
Digital,Ethernet (RJ45),NW1,PASS,"Link detected: yes, Speed: 1000Mb/s, Duplex: Full, carrier=1","link up, 1000Mb/s, Full",netlink error: Operation not permitted Settings for eth0: Supported ports: [ TP MII ] Supported link modes: 10baseT/Half 10baseT/Full 100baseT/Half 100baseT/Full 1000baseT/Half 1000baseT/Full Supported pause frame use: Symmetric Receive-only Supports auto-negotiation: Yes Supported FEC modes: Not reported Advertised link modes: 10baseT/Half 10baseT/Full 100baseT/Half 100baseT/Full 1000baseT/Hal...,2026-09-23T09:50:38Z
Digital,Ethernet (RJ45),NW3,NO DATA,"bench host 192.168.1.211: worst 100.0% loss over 3 passes [100.0, 100.0, 100.0], max RTT nan ms; gateway 192.168.1.254: worst 0.0% loss over 3 passes [0.0, 0.0, 0.0], max RTT 7.020 ms","0% loss, max RTT < 5 ms","--- bench host 192.168.1.211, pass 1/3 --- --- 192.168.1.211 ping statistics --- 200 packets transmitted, 0 received, 100% packet loss, time 40635ms --- bench host 192.168.1.211, pass 2/3 --- --- 192.168.1.211 ping statistics --- 200 packets transmitted, 0 received, 100% packet loss, time 40628ms --- bench host 192.168.1.211, pass 3/3 --- --- 192.168.1.211 ping statistics --- 200 packets transm...",2026-09-23T09:55:12Z
Digital,Ethernet (RJ45),NW4,NO DATA,"unit rx 9164 Mbit/s, unit tx 6005 Mbit/s -- but the driving host's lo negotiates 0 Mb/s, so this is the path, not the unit",>= 900 Mbit/s each way,"driving host 192.168.1.211: iface lo, link 0 Mb/s --- unit receiving (host -> unit) --- - - - - - - - - - - - - - - - - - - - - - - - - - [ ID] Interval Transfer Bitrate Retr [ 5] 0.00-10.00 sec 10.7 GBytes 9164 Mbits/sec 0 sender [ 5] 0.00-10.00 sec 10.7 GBytes 9164 Mbits/sec receiver iperf Done. --- unit sending (unit -> host, -R) --- - - - - - - - - - - - - - - - - - - - - - - - - - [ ID] In...",2026-09-23T09:55:35Z
Digital,Ethernet (RJ45),NW2,PASS,"deltas over NW3+NW4: {'rx_errors': 0, 'rx_dropped': 0, 'rx_missed': 0, 'tx_errors': 0, 'tx_dropped': 0, 'tx_carrier': 0, 'tx_collsns': 0}; idle control (30 s): {'rx_errors': 0, 'rx_dropped': 0, 'rx_missed': 0, 'tx_errors': 0, 'tx_dropped': 0, 'tx_carrier': 0, 'tx_collsns': 0}",all zero for the run,"--- before NW3 --- 2: eth0: <BROADCAST,MULTICAST,UP,LOWER_UP> mtu 1500 qdisc mq state UP mode DEFAULT group default qlen 1000 link/ether d8:3a:dd:82:d6:45 brd ff:ff:ff:ff:ff:ff RX: bytes packets errors dropped missed mcast 887749675 813167 0 231 0 113197 TX: bytes packets errors dropped carrier collsns 279331968 481736 0 0 0 0 --- after NW4 --- 2: eth0: <BROADCAST,MULTICAST,UP,LOWER_UP> mtu 150...",2026-09-23T09:56:05Z
HDMI FPC (rev B),Display link HDMI0 → TFT,HD0-1,PASS,"HDMI-A-1 connected, RTK 10811, native 1920x1080, active=True",connected + EDID mfr/product + native mode active,status=connected --- edid-decode --- edid-decode (hex): 00 ff ff ff ff ff ff 00 4a 8b 3b 2a 01 01 01 01 17 15 01 03 80 3c 22 78 ea 1e c5 ae 4f 34 b1 26 0e 50 54 a5 4b 00 81 80 a9 40 d1 c0 71 4f 01 01 01 01 01 01 01 01 02 3a 80 18 71 38 2d 40 58 2c 45 00 55 50 21 00 00 1e 00 00 00 ff 00 4a 32 35 37 4d 39 36 42 30 30 46 4c 0a 00 00 00 fc 00 52 54 4b 20 46 48 44 0a 20 20 20 20 20 00 00 00 fd 00 38...,2026-09-23T10:28:29Z
Assemblies,TFT display,HD0-1,PASS,"HDMI-A-1 connected, RTK 10811, native 1920x1080, active=True",connected + EDID mfr/product + native mode active,status=connected --- edid-decode --- edid-decode (hex): 00 ff ff ff ff ff ff 00 4a 8b 3b 2a 01 01 01 01 17 15 01 03 80 3c 22 78 ea 1e c5 ae 4f 34 b1 26 0e 50 54 a5 4b 00 81 80 a9 40 d1 c0 71 4f 01 01 01 01 01 01 01 01 02 3a 80 18 71 38 2d 40 58 2c 45 00 55 50 21 00 00 1e 00 00 00 ff 00 4a 32 35 37 4d 39 36 42 30 30 46 4c 0a 00 00 00 fc 00 52 54 4b 20 46 48 44 0a 20 20 20 20 20 00 00 00 fd 00 38...,2026-09-23T10:28:29Z
HDMI FPC (rev B),Display link HDMI0 → TFT,HD0-1,PASS,"HDMI-A-1 connected, RTK 10811, native 1920x1080, active=True",connected + EDID mfr/product + native mode active,status=connected --- edid-decode --- edid-decode (hex): 00 ff ff ff ff ff ff 00 4a 8b 3b 2a 01 01 01 01 17 15 01 03 80 3c 22 78 ea 1e c5 ae 4f 34 b1 26 0e 50 54 a5 4b 00 81 80 a9 40 d1 c0 71 4f 01 01 01 01 01 01 01 01 02 3a 80 18 71 38 2d 40 58 2c 45 00 55 50 21 00 00 1e 00 00 00 ff 00 4a 32 35 37 4d 39 36 42 30 30 46 4c 0a 00 00 00 fc 00 52 54 4b 20 46 48 44 0a 20 20 20 20 20 00 00 00 fd 00 38...,2026-09-23T10:30:21Z
Assemblies,TFT display,HD0-1,PASS,"HDMI-A-1 connected, RTK 10811, native 1920x1080, active=True",connected + EDID mfr/product + native mode active,status=connected --- edid-decode --- edid-decode (hex): 00 ff ff ff ff ff ff 00 4a 8b 3b 2a 01 01 01 01 17 15 01 03 80 3c 22 78 ea 1e c5 ae 4f 34 b1 26 0e 50 54 a5 4b 00 81 80 a9 40 d1 c0 71 4f 01 01 01 01 01 01 01 01 02 3a 80 18 71 38 2d 40 58 2c 45 00 55 50 21 00 00 1e 00 00 00 ff 00 4a 32 35 37 4d 39 36 42 30 30 46 4c 0a 00 00 00 fc 00 52 54 4b 20 46 48 44 0a 20 20 20 20 20 00 00 00 fd 00 38...,2026-09-23T10:30:21Z
HDMI FPC (rev B),Display link HDMI0 → TFT,HD0-1,PASS,"HDMI-A-1 connected, RTK 10811, native 1920x1080, active=True",connected + EDID mfr/product + native mode active,status=connected --- edid-decode --- edid-decode (hex): 00 ff ff ff ff ff ff 00 4a 8b 3b 2a 01 01 01 01 17 15 01 03 80 3c 22 78 ea 1e c5 ae 4f 34 b1 26 0e 50 54 a5 4b 00 81 80 a9 40 d1 c0 71 4f 01 01 01 01 01 01 01 01 02 3a 80 18 71 38 2d 40 58 2c 45 00 55 50 21 00 00 1e 00 00 00 ff 00 4a 32 35 37 4d 39 36 42 30 30 46 4c 0a 00 00 00 fc 00 52 54 4b 20 46 48 44 0a 20 20 20 20 20 00 00 00 fd 00 38...,2026-09-23T10:34:13Z
Assemblies,TFT display,HD0-1,PASS,"HDMI-A-1 connected, RTK 10811, native 1920x1080, active=True",connected + EDID mfr/product + native mode active,status=connected --- edid-decode --- edid-decode (hex): 00 ff ff ff ff ff ff 00 4a 8b 3b 2a 01 01 01 01 17 15 01 03 80 3c 22 78 ea 1e c5 ae 4f 34 b1 26 0e 50 54 a5 4b 00 81 80 a9 40 d1 c0 71 4f 01 01 01 01 01 01 01 01 02 3a 80 18 71 38 2d 40 58 2c 45 00 55 50 21 00 00 1e 00 00 00 ff 00 4a 32 35 37 4d 39 36 42 30 30 46 4c 0a 00 00 00 fc 00 52 54 4b 20 46 48 44 0a 20 20 20 20 20 00 00 00 fd 00 38...,2026-09-23T10:34:13Z
Digital,Ethernet (RJ45),NW1,FAIL,"Link detected: yes, Speed: 100Mb/s, Duplex: Full, carrier=1","link up, 1000Mb/s, Full",netlink error: Operation not permitted Settings for eth0: Supported ports: [ TP MII ] Supported link modes: 10baseT/Half 10baseT/Full 100baseT/Half 100baseT/Full 1000baseT/Half 1000baseT/Full Supported pause frame use: Symmetric Receive-only Supports auto-negotiation: Yes Supported FEC modes: Not reported Advertised link modes: 100baseT/Full Advertised pause frame use: No Advertised auto-negoti...,2026-09-23T11:16:16Z
Digital,Ethernet (RJ45),NW3,FAIL,"bench host 192.168.1.211: worst 100.0% loss over 3 passes [100.0, 100.0, 100.0], max RTT nan ms; gateway 192.168.1.254: worst 6.0% loss over 3 passes [5.5, 4.5, 6.0], max RTT 11.215 ms","0% loss, max RTT < 5 ms","--- bench host 192.168.1.211, pass 1/3 --- --- 192.168.1.211 ping statistics --- 200 packets transmitted, 0 received, +5 errors, 100% packet loss, time 42594ms pipe 6 --- bench host 192.168.1.211, pass 2/3 --- --- 192.168.1.211 ping statistics --- 200 packets transmitted, 0 received, 100% packet loss, time 40691ms --- bench host 192.168.1.211, pass 3/3 --- --- 192.168.1.211 ping statistics --- ...",2026-09-23T11:20:51Z
Digital,Ethernet (RJ45),NW4,NO DATA,"unit rx 4785 Mbit/s, unit tx 4814 Mbit/s -- but the driving host's lo negotiates 0 Mb/s, so this is the path, not the unit",>= 900 Mbit/s each way,"driving host 192.168.1.211: iface lo, link 0 Mb/s --- unit receiving (host -> unit) --- - - - - - - - - - - - - - - - - - - - - - - - - - [ ID] Interval Transfer Bitrate Retr [ 5] 0.00-10.00 sec 5.57 GBytes 4786 Mbits/sec 0 sender [ 5] 0.00-10.00 sec 5.57 GBytes 4785 Mbits/sec receiver iperf Done. --- unit sending (unit -> host, -R) --- - - - - - - - - - - - - - - - - - - - - - - - - - [ ID] In...",2026-09-23T11:21:15Z
Digital,Ethernet (RJ45),NW2,FAIL,"deltas over NW3+NW4: {'rx_errors': 0, 'rx_dropped': 0, 'rx_missed': 0, 'tx_errors': 0, 'tx_dropped': 3, 'tx_carrier': 0, 'tx_collsns': 0}; idle control (30 s): {'rx_errors': 0, 'rx_dropped': 0, 'rx_missed': 0, 'tx_errors': 0, 'tx_dropped': 0, 'tx_carrier': 0, 'tx_collsns': 0}",all zero for the run,"--- before NW3 --- 2: eth0: <BROADCAST,MULTICAST,UP,LOWER_UP> mtu 1500 qdisc mq state UP mode DEFAULT group default qlen 1000 link/ether d8:3a:dd:82:d6:45 brd ff:ff:ff:ff:ff:ff RX: bytes packets errors dropped missed mcast 1473937099 1223801 0 233 0 114955 TX: bytes packets errors dropped carrier collsns 349961455 719896 0 0 0 0 --- after NW4 --- 2: eth0: <BROADCAST,MULTICAST,UP,LOWER_UP> mtu 1...",2026-09-23T11:21:45Z
Left Switch PCBA,Panel MEMS mic (talkback),MM1,NO DATA,1 MEMS lanes all STATIC with AN_EN 26: op -- pd | lo,lane alive; idle floor within the declared window,"AN_EN (GPIO26) = 26: op -- pd | lo // GPIO26 = output XIN_MEMS 46 736 7 0 16 1 -186.64 -186.64 ffffffff ffffffff ffffffff STATIC PREREQUISITE: the analog rails. AN_EN (GPIO26) is low and a dispatched session may not raise it (bench note 19 / S49-15: ""AN_EN is never written by a dispatched session""). With the front ends unpowered a STATIC lane is the test state, not a converter fault, so this is...",2026-09-23T11:23:12Z
Digital,Ethernet (RJ45),NW1,PASS,"Link detected: yes, Speed: 1000Mb/s, Duplex: Full, carrier=1","link up, 1000Mb/s, Full",netlink error: Operation not permitted Settings for eth0: Supported ports: [ TP MII ] Supported link modes: 10baseT/Half 10baseT/Full 100baseT/Half 100baseT/Full 1000baseT/Half 1000baseT/Full Supported pause frame use: Symmetric Receive-only Supports auto-negotiation: Yes Supported FEC modes: Not reported Advertised link modes: 10baseT/Half 10baseT/Full 100baseT/Half 100baseT/Full 1000baseT/Hal...,2026-09-23T11:25:12Z
Digital,Ethernet (RJ45),NW3,FAIL,"bench host 192.168.1.211: worst 100.0% loss over 3 passes [100.0, 100.0, 100.0], max RTT nan ms; gateway 192.168.1.254: worst 5.0% loss over 3 passes [2.5, 2.0, 5.0], max RTT 4.732 ms","0% loss, max RTT < 5 ms","--- bench host 192.168.1.211, pass 1/3 --- --- 192.168.1.211 ping statistics --- 200 packets transmitted, 0 received, 100% packet loss, time 40712ms --- bench host 192.168.1.211, pass 2/3 --- --- 192.168.1.211 ping statistics --- 200 packets transmitted, 0 received, 100% packet loss, time 40689ms --- bench host 192.168.1.211, pass 3/3 --- --- 192.168.1.211 ping statistics --- 200 packets transm...",2026-09-23T11:29:45Z
Digital,Ethernet (RJ45),NW4,NO DATA,"unit rx 5171 Mbit/s, unit tx 5056 Mbit/s -- but the driving host's lo negotiates 0 Mb/s, so this is the path, not the unit",>= 900 Mbit/s each way,"driving host 192.168.1.211: iface lo, link 0 Mb/s --- unit receiving (host -> unit) --- - - - - - - - - - - - - - - - - - - - - - - - - - [ ID] Interval Transfer Bitrate Retr [ 5] 0.00-10.00 sec 6.02 GBytes 5171 Mbits/sec 0 sender [ 5] 0.00-10.00 sec 6.02 GBytes 5171 Mbits/sec receiver iperf Done. --- unit sending (unit -> host, -R) --- - - - - - - - - - - - - - - - - - - - - - - - - - [ ID] In...",2026-09-23T11:30:09Z
Digital,Ethernet (RJ45),NW2,PASS,"deltas over NW3+NW4: {'rx_errors': 0, 'rx_dropped': 0, 'rx_missed': 0, 'tx_errors': 0, 'tx_dropped': 0, 'tx_carrier': 0, 'tx_collsns': 0}; idle control (30 s): {'rx_errors': 0, 'rx_dropped': 0, 'rx_missed': 0, 'tx_errors': 0, 'tx_dropped': 0, 'tx_carrier': 0, 'tx_collsns': 0}",all zero for the run,"--- before NW3 --- 2: eth0: <BROADCAST,MULTICAST,UP,LOWER_UP> mtu 1500 qdisc mq state UP mode DEFAULT group default qlen 1000 link/ether d8:3a:dd:82:d6:45 brd ff:ff:ff:ff:ff:ff RX: bytes packets errors dropped missed mcast 1474135941 1225082 0 233 0 115204 TX: bytes packets errors dropped carrier collsns 350161361 721444 0 3 0 0 --- after NW4 --- 2: eth0: <BROADCAST,MULTICAST,UP,LOWER_UP> mtu 1...",2026-09-23T11:30:39Z
Assemblies,CM4 compute module,AS-CM4,PASS,throttled=0x0 temp=52.1 C core=0.9200V matrix-app=active,"throttled 0x0, temp < 70 C, core volts in window, app active","12:36:04 up 23:27, 1 user, load average: 0.55, 0.75, 0.75 throttled=0x0 temp=52.1'C volt=0.9200V Raspberry Pi Compute Module 4 Rev 1.1 active",2026-09-23T11:36:04Z
Digital,Ethernet (RJ45),NW1,PASS,"Link detected: yes, Speed: 1000Mb/s, Duplex: Full, carrier=1","link up, 1000Mb/s, Full",netlink error: Operation not permitted Settings for eth0: Supported ports: [ TP MII ] Supported link modes: 10baseT/Half 10baseT/Full 100baseT/Half 100baseT/Full 1000baseT/Half 1000baseT/Full Supported pause frame use: Symmetric Receive-only Supports auto-negotiation: Yes Supported FEC modes: Not reported Advertised link modes: 10baseT/Half 10baseT/Full 100baseT/Half 100baseT/Full 1000baseT/Hal...,2026-09-23T11:36:31Z
Digital,Ethernet (RJ45),NW3,FAIL,"bench host 192.168.1.211: worst 100.0% loss over 3 passes [100.0, 100.0, 100.0], max RTT nan ms; gateway 192.168.1.254: worst 3.5% loss over 3 passes [2.0, 1.5, 3.5], max RTT 6.610 ms","0% loss, max RTT < 5 ms","--- bench host 192.168.1.211, pass 1/3 --- --- 192.168.1.211 ping statistics --- 200 packets transmitted, 0 received, 100% packet loss, time 40677ms --- bench host 192.168.1.211, pass 2/3 --- --- 192.168.1.211 ping statistics --- 200 packets transmitted, 0 received, 100% packet loss, time 40723ms --- bench host 192.168.1.211, pass 3/3 --- --- 192.168.1.211 ping statistics --- 200 packets transm...",2026-09-23T11:41:04Z
Digital,Ethernet (RJ45),NW4,NO DATA,"unit rx 5009 Mbit/s, unit tx 5079 Mbit/s -- but the driving host's lo negotiates 0 Mb/s, so this is the path, not the unit",>= 900 Mbit/s each way,"driving host 192.168.1.211: iface lo, link 0 Mb/s --- unit receiving (host -> unit) --- - - - - - - - - - - - - - - - - - - - - - - - - - [ ID] Interval Transfer Bitrate Retr [ 5] 0.00-10.00 sec 5.83 GBytes 5010 Mbits/sec 0 sender [ 5] 0.00-10.00 sec 5.83 GBytes 5009 Mbits/sec receiver iperf Done. --- unit sending (unit -> host, -R) --- - - - - - - - - - - - - - - - - - - - - - - - - - [ ID] In...",2026-09-23T11:41:28Z
Digital,Ethernet (RJ45),NW2,PASS,"deltas over NW3+NW4: {'rx_errors': 0, 'rx_dropped': 0, 'rx_missed': 0, 'tx_errors': 0, 'tx_dropped': 0, 'tx_carrier': 0, 'tx_collsns': 0}; idle control (30 s): {'rx_errors': 0, 'rx_dropped': 0, 'rx_missed': 0, 'tx_errors': 0, 'tx_dropped': 0, 'tx_carrier': 0, 'tx_collsns': 0}",all zero for the run,"--- before NW3 --- 2: eth0: <BROADCAST,MULTICAST,UP,LOWER_UP> mtu 1500 qdisc mq state UP mode DEFAULT group default qlen 1000 link/ether d8:3a:dd:82:d6:45 brd ff:ff:ff:ff:ff:ff RX: bytes packets errors dropped missed mcast 1595956470 1307368 0 237 0 115590 TX: bytes packets errors dropped carrier collsns 353118211 763619 0 3 0 0 --- after NW4 --- 2: eth0: <BROADCAST,MULTICAST,UP,LOWER_UP> mtu 1...",2026-09-23T11:41:58Z
Digital,Ethernet (RJ45),NW1,PASS,"Link detected: yes, Speed: 1000Mb/s, Duplex: Full, carrier=1","link up, 1000Mb/s, Full",netlink error: Operation not permitted Settings for eth0: Supported ports: [ TP MII ] Supported link modes: 10baseT/Half 10baseT/Full 100baseT/Half 100baseT/Full 1000baseT/Half 1000baseT/Full Supported pause frame use: Symmetric Receive-only Supports auto-negotiation: Yes Supported FEC modes: Not reported Advertised link modes: 10baseT/Half 10baseT/Full 100baseT/Half 100baseT/Full 1000baseT/Hal...,2026-09-23T11:48:00Z
Digital,Ethernet (RJ45),NW3,FAIL,"bench host 192.168.1.211: worst 100.0% loss over 3 passes [100.0, 100.0, 100.0], max RTT nan ms; gateway 192.168.1.254: worst 1.5% loss over 3 passes [1.5, 0.5, 1.5], max RTT 6.533 ms","0% loss, max RTT < 5 ms","--- bench host 192.168.1.211, pass 1/3 --- --- 192.168.1.211 ping statistics --- 200 packets transmitted, 0 received, 100% packet loss, time 40674ms --- bench host 192.168.1.211, pass 2/3 --- --- 192.168.1.211 ping statistics --- 200 packets transmitted, 0 received, 100% packet loss, time 40694ms --- bench host 192.168.1.211, pass 3/3 --- --- 192.168.1.211 ping statistics --- 200 packets transm...",2026-09-23T11:52:33Z
Digital,Ethernet (RJ45),NW4,NO DATA,"unit rx 4594 Mbit/s, unit tx 5072 Mbit/s -- but the driving host's lo negotiates 0 Mb/s, so this is the path, not the unit",>= 900 Mbit/s each way,"driving host 192.168.1.211: iface lo, link 0 Mb/s --- unit receiving (host -> unit) --- - - - - - - - - - - - - - - - - - - - - - - - - - [ ID] Interval Transfer Bitrate Retr [ 5] 0.00-10.01 sec 5.36 GBytes 4595 Mbits/sec 0 sender [ 5] 0.00-10.01 sec 5.36 GBytes 4594 Mbits/sec receiver iperf Done. --- unit sending (unit -> host, -R) --- - - - - - - - - - - - - - - - - - - - - - - - - - [ ID] In...",2026-09-23T11:52:57Z
Digital,Ethernet (RJ45),NW2,FAIL,"deltas over NW3+NW4: {'rx_errors': 0, 'rx_dropped': 2, 'rx_missed': 0, 'tx_errors': 0, 'tx_dropped': 0, 'tx_carrier': 0, 'tx_collsns': 0}; idle control (30 s): {'rx_errors': 0, 'rx_dropped': 1, 'rx_missed': 0, 'tx_errors': 0, 'tx_dropped': 0, 'tx_carrier': 0, 'tx_collsns': 0}",all zero for the run,"--- before NW3 --- 2: eth0: <BROADCAST,MULTICAST,UP,LOWER_UP> mtu 1500 qdisc mq state UP mode DEFAULT group default qlen 1000 link/ether d8:3a:dd:82:d6:45 brd ff:ff:ff:ff:ff:ff RX: bytes packets errors dropped missed mcast 1718062710 1390573 0 239 0 116830 TX: bytes packets errors dropped carrier collsns 356130910 805943 0 3 0 0 --- after NW4 --- 2: eth0: <BROADCAST,MULTICAST,UP,LOWER_UP> mtu 1...",2026-09-23T11:53:27Z
Left Switch PCBA,Panel MEMS mic (talkback),MM1,NO DATA,1 MEMS lanes all STATIC with AN_EN 26: op -- pd | lo,lane alive; idle floor within the declared window,"AN_EN (GPIO26) = 26: op -- pd | lo // GPIO26 = output XIN_MEMS 46 736 7 0 16 1 -186.64 -186.64 ffffffff ffffffff ffffffff STATIC PREREQUISITE: the analog rails. AN_EN (GPIO26) is low and a dispatched session may not raise it (bench note 19 / S49-15: ""AN_EN is never written by a dispatched session""). With the front ends unpowered a STATIC lane is the test state, not a converter fault, so this is...",2026-09-23T12:29:57Z
Left Switch PCBA,Speaker,SP1,NO DATA,no TEST_OSC -> SPKR route in the topology,1 kHz tone on the MEMS lane >= 20 dB above its idle floor,"DEF ITEM, not a fixture (the spec's own disposition for this case). No node or cell named for the speaker exists: zero hits for spkr/speaker in defs/products/d24/dsp.csv and MW/D24/MX/_matrix.csv. SPKR0/SPKR1 are connector pins only (d24-hw-inventory.csv:1075 Left Switch J2; :278 Analog J59). The path is DSPB O2 = PLL8_1 = CDC_I -> AK4619 codec DAC -> TS482 amp on the Digital board -> panels (h...",2026-09-23T12:31:23Z
DSP PCBA (H1S1 MCU wiring),DSP chip-select CS3 (fw.csv Dsp3),DC1-CS3,NO DATA,CS3 is not a chip select on DSP4: 8: ip    pu | hi // GPIO8 = input,n/a -- assert-one-read-one does not apply,"SPEC CORRECTION. CS3/CS4 are wired to DSPA/DSPB SPI_RDY and are INPUTS (MW/D24/HW/hardware-map.md:193-195; dsp4_boot.py RDY_GPIO = {1: 8, 2: 12}). Level read at the CM4 end: 8: ip pu | hi // GPIO8 = input. A 10K pulldown on each part rests the line ASSERTED, so the level does not prove a part is alive either.",2026-09-23T12:32:58Z
DSP PCBA (H1S1 MCU wiring),DSP chip-select CS3 (fw.csv Dsp3),DC2-CS3,NO DATA,CS3 is not a chip select on DSP4: 8: ip    pu | hi // GPIO8 = input,n/a -- assert-one-read-one does not apply,"SPEC CORRECTION. CS3/CS4 are wired to DSPA/DSPB SPI_RDY and are INPUTS (MW/D24/HW/hardware-map.md:193-195; dsp4_boot.py RDY_GPIO = {1: 8, 2: 12}). Level read at the CM4 end: 8: ip pu | hi // GPIO8 = input. A 10K pulldown on each part rests the line ASSERTED, so the level does not prove a part is alive either.",2026-09-23T12:32:58Z
Left Switch PCBA,Panel MEMS mic (talkback),MM1,NO DATA,1 MEMS lanes all STATIC with AN_EN 26: op -- pd | lo,lane alive; idle floor within the declared window,"AN_EN (GPIO26) = 26: op -- pd | lo // GPIO26 = output XIN_MEMS 46 736 7 0 16 1 -186.64 -186.64 ffffffff ffffffff ffffffff STATIC PREREQUISITE: the analog rails. AN_EN (GPIO26) is low and a dispatched session may not raise it (bench note 19 / S49-15: ""AN_EN is never written by a dispatched session""). With the front ends unpowered a STATIC lane is the test state, not a converter fault, so this is...",2026-09-23T12:39:30Z
DSP PCBA (H1S1 MCU wiring),H1S1 MCU (STM32U575) link,ML1,PASS,"Sys001Test001 (5414) x3 = ['0x00', '0x00', '0x00'], [113.3, 111.7, 111.4] ms",3 identical answers within the bus timeout,"{""mode"": ""cell"", ""cell"": 5414, ""reps"": 3, ""reads"": [{""value"": 0, ""ms"": 113.3, ""raw"": ""+\n+\nimjn\n.\n""}, {""value"": 0, ""ms"": 111.7, ""raw"": ""+\n+\nimjn\n""}, {""value"": 0, ""ms"": 111.4, ""raw"": ""+\n+\nimjn\n""}], ""answered"": 3, ""identical"": true}",2026-09-23T15:32:44Z
Assemblies,S MCU H1S1 (STM32U575),ML1,PASS,"Sys001Test001 (5414) x3 = ['0x00', '0x00', '0x00'], [113.3, 111.7, 111.4] ms",3 identical answers within the bus timeout,"{""mode"": ""cell"", ""cell"": 5414, ""reps"": 3, ""reads"": [{""value"": 0, ""ms"": 113.3, ""raw"": ""+\n+\nimjn\n.\n""}, {""value"": 0, ""ms"": 111.7, ""raw"": ""+\n+\nimjn\n""}, {""value"": 0, ""ms"": 111.4, ""raw"": ""+\n+\nimjn\n""}], ""answered"": 3, ""identical"": true}",2026-09-23T15:32:44Z
DSP PCBA (H1S1 MCU wiring),H1S1 MCU (STM32U575) link,ML2,NO DATA,no H1S1 version cell; host side H1S1.shex 5dc7acdea662f9153b09b816f9ae76b2,non-zero version equal to the H1S1.shex manifest,"PREREQUISITE: H1S1 firmware-version cell (spec prereq 1). H1S1's whole local cell table is Sys001Enc001/Sys001Skin001/Sys001Test001/Sys001Test002 (~/build-h1s1/Core/Inc/matrix.cs:11-18); no *Ver*/*Build* cell exists. The only identity it publishes is the S_TEST string ""// H1S1 DSP"" (matrix.cs:46). Host side reads: 5dc7acdea662f9153b09b816f9ae76b2 /home/app/firmware/H1S1.shex %s",2026-09-23T15:32:44Z
Assemblies,S MCU H1S1 (STM32U575),ML2,NO DATA,no H1S1 version cell; host side H1S1.shex 5dc7acdea662f9153b09b816f9ae76b2,non-zero version equal to the H1S1.shex manifest,"PREREQUISITE: H1S1 firmware-version cell (spec prereq 1). H1S1's whole local cell table is Sys001Enc001/Sys001Skin001/Sys001Test001/Sys001Test002 (~/build-h1s1/Core/Inc/matrix.cs:11-18); no *Ver*/*Build* cell exists. The only identity it publishes is the S_TEST string ""// H1S1 DSP"" (matrix.cs:46). Host side reads: 5dc7acdea662f9153b09b816f9ae76b2 /home/app/firmware/H1S1.shex %s",2026-09-23T15:32:44Z
DSP PCBA (H1S1 MCU wiring),H1S1 MCU (STM32U575) link,ML1,PASS,"Sys001Test001 (5414) x3 = ['0x00', '0x00', '0x00'], [111.9, 111.7, 110.8] ms",3 identical answers within the bus timeout,"{""mode"": ""cell"", ""cell"": 5414, ""reps"": 3, ""reads"": [{""value"": 0, ""ms"": 111.9, ""raw"": ""+\n.\n+\nimjn\n""}, {""value"": 0, ""ms"": 111.7, ""raw"": ""+\n+\nimjn\n:\n""}, {""value"": 0, ""ms"": 110.8, ""raw"": ""+\n+\nimjn\n""}], ""answered"": 3, ""identical"": true}",2026-09-23T19:16:18Z
Assemblies,S MCU H1S1 (STM32U575),ML1,PASS,"Sys001Test001 (5414) x3 = ['0x00', '0x00', '0x00'], [111.9, 111.7, 110.8] ms",3 identical answers within the bus timeout,"{""mode"": ""cell"", ""cell"": 5414, ""reps"": 3, ""reads"": [{""value"": 0, ""ms"": 111.9, ""raw"": ""+\n.\n+\nimjn\n""}, {""value"": 0, ""ms"": 111.7, ""raw"": ""+\n+\nimjn\n:\n""}, {""value"": 0, ""ms"": 110.8, ""raw"": ""+\n+\nimjn\n""}], ""answered"": 3, ""identical"": true}",2026-09-23T19:16:18Z
DSP PCBA (H1S1 MCU wiring),H1S1 MCU (STM32U575) link,ML2,NO DATA,no H1S1 version cell; host side H1S1.shex 5dc7acdea662f9153b09b816f9ae76b2,non-zero version equal to the H1S1.shex manifest,"PREREQUISITE: H1S1 firmware-version cell (spec prereq 1). H1S1's whole local cell table is Sys001Enc001/Sys001Skin001/Sys001Test001/Sys001Test002 (~/build-h1s1/Core/Inc/matrix.cs:11-18); no *Ver*/*Build* cell exists. The only identity it publishes is the S_TEST string ""// H1S1 DSP"" (matrix.cs:46). Host side reads: 5dc7acdea662f9153b09b816f9ae76b2 /home/app/firmware/H1S1.shex %s",2026-09-23T19:16:18Z
Assemblies,S MCU H1S1 (STM32U575),ML2,NO DATA,no H1S1 version cell; host side H1S1.shex 5dc7acdea662f9153b09b816f9ae76b2,non-zero version equal to the H1S1.shex manifest,"PREREQUISITE: H1S1 firmware-version cell (spec prereq 1). H1S1's whole local cell table is Sys001Enc001/Sys001Skin001/Sys001Test001/Sys001Test002 (~/build-h1s1/Core/Inc/matrix.cs:11-18); no *Ver*/*Build* cell exists. The only identity it publishes is the S_TEST string ""// H1S1 DSP"" (matrix.cs:46). Host side reads: 5dc7acdea662f9153b09b816f9ae76b2 /home/app/firmware/H1S1.shex %s",2026-09-23T19:16:18Z
DSP PCBA (H1S1 MCU wiring),H1S1 MCU (STM32U575) link,ML1,PASS,"Sys001Test001 (5414) x3 = ['0x00', '0x00', '0x00'], [112.1, 110.9, 110.8] ms",3 identical answers within the bus timeout,"{""mode"": ""cell"", ""cell"": 5414, ""reps"": 3, ""reads"": [{""value"": 0, ""ms"": 112.1, ""raw"": ""+\n+\nimjn\n""}, {""value"": 0, ""ms"": 110.9, ""raw"": ""+\n.\n+\nimjn\n""}, {""value"": 0, ""ms"": 110.8, ""raw"": ""+\n:\n+\nimjn\n""}], ""answered"": 3, ""identical"": true}",2026-09-23T19:24:52Z
Assemblies,S MCU H1S1 (STM32U575),ML1,PASS,"Sys001Test001 (5414) x3 = ['0x00', '0x00', '0x00'], [112.1, 110.9, 110.8] ms",3 identical answers within the bus timeout,"{""mode"": ""cell"", ""cell"": 5414, ""reps"": 3, ""reads"": [{""value"": 0, ""ms"": 112.1, ""raw"": ""+\n+\nimjn\n""}, {""value"": 0, ""ms"": 110.9, ""raw"": ""+\n.\n+\nimjn\n""}, {""value"": 0, ""ms"": 110.8, ""raw"": ""+\n:\n+\nimjn\n""}], ""answered"": 3, ""identical"": true}",2026-09-23T19:24:52Z
DSP PCBA (H1S1 MCU wiring),H1S1 MCU (STM32U575) link,ML2,NO DATA,no H1S1 version cell; host side H1S1.shex 5dc7acdea662f9153b09b816f9ae76b2,non-zero version equal to the H1S1.shex manifest,"PREREQUISITE: H1S1 firmware-version cell (spec prereq 1). H1S1's whole local cell table is Sys001Enc001/Sys001Skin001/Sys001Test001/Sys001Test002 (~/build-h1s1/Core/Inc/matrix.cs:11-18); no *Ver*/*Build* cell exists. The only identity it publishes is the S_TEST string ""// H1S1 DSP"" (matrix.cs:46). Host side reads: 5dc7acdea662f9153b09b816f9ae76b2 /home/app/firmware/H1S1.shex %s",2026-09-23T19:24:52Z
Assemblies,S MCU H1S1 (STM32U575),ML2,NO DATA,no H1S1 version cell; host side H1S1.shex 5dc7acdea662f9153b09b816f9ae76b2,non-zero version equal to the H1S1.shex manifest,"PREREQUISITE: H1S1 firmware-version cell (spec prereq 1). H1S1's whole local cell table is Sys001Enc001/Sys001Skin001/Sys001Test001/Sys001Test002 (~/build-h1s1/Core/Inc/matrix.cs:11-18); no *Ver*/*Build* cell exists. The only identity it publishes is the S_TEST string ""// H1S1 DSP"" (matrix.cs:46). Host side reads: 5dc7acdea662f9153b09b816f9ae76b2 /home/app/firmware/H1S1.shex %s",2026-09-23T19:24:52Z
DSP PCBA (H1S1 MCU wiring),DSP chip-select CS3 (fw.csv Dsp3),DC1-CS3,NO DATA,CS3 is not a chip select on DSP4: 8: ip    pu | hi // GPIO8 = input,n/a -- assert-one-read-one does not apply,"SPEC CORRECTION. CS3/CS4 are wired to DSPA/DSPB SPI_RDY and are INPUTS (MW/D24/HW/hardware-map.md:193-195; dsp4_boot.py RDY_GPIO = {1: 8, 2: 12}). Level read at the CM4 end: 8: ip pu | hi // GPIO8 = input. A 10K pulldown on each part rests the line ASSERTED, so the level does not prove a part is alive either.",2026-09-24T07:30:09Z
DSP PCBA (H1S1 MCU wiring),DSP chip-select CS3 (fw.csv Dsp3),DC2-CS3,NO DATA,CS3 is not a chip select on DSP4: 8: ip    pu | hi // GPIO8 = input,n/a -- assert-one-read-one does not apply,"SPEC CORRECTION. CS3/CS4 are wired to DSPA/DSPB SPI_RDY and are INPUTS (MW/D24/HW/hardware-map.md:193-195; dsp4_boot.py RDY_GPIO = {1: 8, 2: 12}). Level read at the CM4 end: 8: ip pu | hi // GPIO8 = input. A 10K pulldown on each part rests the line ASSERTED, so the level does not prove a part is alive either.",2026-09-24T07:30:09Z
DSP PCBA (H1S1 MCU wiring),DSP chip-select CS3 (fw.csv Dsp3),DY1-RDY1,PASS,"CS3/GPIO8 SPI_RDY: running hi, in reset lo, after boot hi (BOOT_STAGE 7)","SPI_RDY (CS3, GPIO8) reads LOW with !RST_D held low and HIGH with the part at BOOT_STAGE 7, the CM4 pin pulled DOWN for both reads","--- 1. as DR2 left the pair (CM4 pull-down forced) --- 8: ip pd | hi // GPIO8 = input 12: ip pd | hi // GPIO12 = input --- 2. !RST_D (GPIO16) held low 200 ms --- 8: ip pd | lo // GPIO8 = input 12: ip pd | lo // GPIO12 = input --- 3. after boot_pair --- 8: ip pd | hi // GPIO8 = input 12: ip pd | hi // GPIO12 = input BOOT_STAGE 7/7 --- boot log --- s) at 10000000 Hz, SPI mode 1, 0 B/transfer, SPI...",2026-09-24T07:56:15Z
DSP PCBA (H1S1 MCU wiring),DSP chip-select CS4 (fw.csv Dsp4),DY1-RDY2,PASS,"CS4/GPIO12 SPI_RDY: running hi, in reset lo, after boot hi (BOOT_STAGE 7)","SPI_RDY (CS4, GPIO12) reads LOW with !RST_D held low and HIGH with the part at BOOT_STAGE 7, the CM4 pin pulled DOWN for both reads","--- 1. as DR2 left the pair (CM4 pull-down forced) --- 8: ip pd | hi // GPIO8 = input 12: ip pd | hi // GPIO12 = input --- 2. !RST_D (GPIO16) held low 200 ms --- 8: ip pd | lo // GPIO8 = input 12: ip pd | lo // GPIO12 = input --- 3. after boot_pair --- 8: ip pd | hi // GPIO8 = input 12: ip pd | hi // GPIO12 = input BOOT_STAGE 7/7 --- boot log --- s) at 10000000 Hz, SPI mode 1, 0 B/transfer, SPI...",2026-09-24T07:56:15Z
DSP PCBA (H1S1 MCU wiring),DSP chip-select CS1 (fw.csv Dsp1),DC1-CS1,PASS,CS1 asserted (GPIO6): CHIP_ID 1 BUILD_ID 0x20260812,the addressed part answers CHIP_ID 1,=== DSP4 chip 1 diagnostics === MAGIC 0xD5B40001 CHIP_ID 1 (DSPA/U6) BOOT_STAGE 7 running BOOT_CFG 1 FRAME_COUNT 5980 TICKS 1545 SEC_COUNT 5982 LAST_CSID 37 SPORT0_A_DMA (block clock) UNK_CSID 0 UNK_COUNT 0 BLK_OVERRUN 2697 SPI_RX_COUNT 510 SPI_ERR_COUNT 0 SPI_STAT 0x00540001 SPI_STAT_STK 0x00144023 RESP_DROP 0 PRODUCT_ID 1 LED_MODE 0 SPORT0_ERR_A 0x00000000 DMA0_STAT 0x00006200 SPI_CTL 0x0001A...,2026-09-24T08:01:49Z
DSP PCBA (H1S1 MCU wiring),DSP chip-select CS2 (fw.csv Dsp2),DC1-CS2,PASS,CS2 asserted (GPIO24): CHIP_ID 2 BUILD_ID 0x20260812,the addressed part answers CHIP_ID 2,=== DSP4 chip 2 diagnostics === MAGIC 0xD5B40001 CHIP_ID 2 (DSPB/U5) BOOT_STAGE 7 running BOOT_CFG 1 FRAME_COUNT 5541 TICKS 1496 SEC_COUNT 5544 LAST_CSID 37 SPORT0_A_DMA (block clock) UNK_CSID 0 UNK_COUNT 0 BLK_OVERRUN 2112 SPI_RX_COUNT 463 SPI_ERR_COUNT 0 SPI_STAT 0x00540001 SPI_STAT_STK 0x00144023 RESP_DROP 0 PRODUCT_ID 1 LED_MODE 0 SPORT0_ERR_A 0x00000000 DMA0_STAT 0x00006200 SPI_CTL 0x0001A...,2026-09-24T08:01:50Z
DSP PCBA (H1S1 MCU wiring),DSP chip-select CS5 (fw.csv Dsp5),DC1-CS5,NO DATA,CS5 reaches no fitted part; the CM4 line is claimed for CS_M on this unit,"no part behind the select, and no read path to the net","SPEC CORRECTION (S100). hardware-map.md:410-411: ""CS1-8 DSP chip-select provision (8-DSP scaling -- only CS1/CS2 live on DSP4)"". fw.csv Dsp5 is H1S1 pin C13 on net CS5, and H1S1 holds it an INPUT by decision, so nothing asserts it and H1S1 publishes no cell that could report its level -- there is no read path in either direction, not merely no part. Separately, the D8 amendment gives CS_M a spa...",2026-09-24T08:01:50Z
DSP PCBA (H1S1 MCU wiring),DSP chip-select CS6 (fw.csv Dsp6),DC1-CS6,NO DATA,CS6 reaches no fitted part,"no part behind the select, and no read path to the net","SPEC CORRECTION (S100). hardware-map.md:410-411, the 8-DSP scaling provision. fw.csv Dsp6 is H1S1 pin B15 on net CS6; H1S1 holds it an INPUT and publishes no cell that could report its level, so there is no read path. CS6 is the one genuinely idle select of the eight: the D8 amendment lists CS5 OR CS6 as the spare for CS_M and this unit took CS5.",2026-09-24T08:01:50Z
DSP PCBA (H1S1 MCU wiring),DSP chip-select CS7 (fw.csv Dsp7),DC1-CS7,NO DATA,"CS7 is not a DSP chip select: it is SWD_EN1, CM4-owned",n/a -- assert-one-read-one does not apply to this net,"SPEC CORRECTION (S100), the same shape as CS3/CS4. CS7 (H1S1 PC15, fw.csv Dsp7) carries SWD_EN1: dsp4-architecture-decisions.md D8 amendment, ""CS7/8 are permanently the CM4-owned SWD_EN selects"", realised on rev C as the CS7/CS8 -> SWD_EN1/EN3 proto wires. H1S1 driving it ""forces ch3 permanently selected and breaks the CM4 SWD channel-select"" (archive/tasks-archive-2026-08-20.md:365-367), which...",2026-09-24T08:01:50Z
DSP PCBA (H1S1 MCU wiring),DSP chip-select CS8 (fw.csv Dsp8),DC1-CS8,NO DATA,"CS8 is not a DSP chip select: it is SWD_EN3, CM4-owned",n/a -- assert-one-read-one does not apply to this net,"SPEC CORRECTION (S100), the same shape as CS3/CS4. CS8 (H1S1 PH0, fw.csv Dsp8) carries SWD_EN3 -- see CS7: same D8 amendment, same proto wire pair, same reason H1S1 holds it an input, and the same absence of a read path in this runner.",2026-09-24T08:01:50Z
DSP PCBA (H1S1 MCU wiring),DSP chip-select CS1 (fw.csv Dsp1),DC2-CS1,PASS,"CS1: CHIP_ID 1 BUILD_ID 0x20260812, build cfg triple ['0xCF45FF10', '0xE2018E6F', '0xC47C0F26'] (S82-signed: True)","id answers behind the select; fw.csv Dsp1 declares a pin and net, not a part number, so there is nothing on the wire to match it against","chip 1: raw 0xCF45FF10 BLOCK 16 CCLK 983.040 MHz BLOCK_MASK 7 on: DSP4_BLOCK_KERNELS, DSP4_BLK_LATCH, DSP4_CHAN_MASK, DSP4_SCOPE_GATE, DSP4_BQ_FLOAT, DSP4_GAIN_FLOAT, DSP4_BQ_ROUNDONCE off: DSP4_BISECT, DSP4_TXPROBE, DSP4_PROFILE_SIGNAL, DSP4_BQ_GUARD budget 327680 cycles/block (983.040 MHz x 16 / 48000) == the shipping configuration raw2 0xE2018E6F DSP4_TX_EARLY 2 (chip 2 TX) — outputs written...",2026-09-24T08:01:50Z
DSP PCBA (H1S1 MCU wiring),DSP chip-select CS2 (fw.csv Dsp2),DC2-CS2,PASS,"CS2: CHIP_ID 2 BUILD_ID 0x20260812, build cfg triple ['0xCF45FF10', '0xE2018E6F', '0xC47C0F26'] (S82-signed: True)","id answers behind the select; fw.csv Dsp2 declares a pin and net, not a part number, so there is nothing on the wire to match it against","chip 2: raw 0xCF45FF10 BLOCK 16 CCLK 983.040 MHz BLOCK_MASK 7 on: DSP4_BLOCK_KERNELS, DSP4_BLK_LATCH, DSP4_CHAN_MASK, DSP4_SCOPE_GATE, DSP4_BQ_FLOAT, DSP4_GAIN_FLOAT, DSP4_BQ_ROUNDONCE off: DSP4_BISECT, DSP4_TXPROBE, DSP4_PROFILE_SIGNAL, DSP4_BQ_GUARD budget 327680 cycles/block (983.040 MHz x 16 / 48000) == the shipping configuration raw2 0xE2018E6F DSP4_TX_EARLY 2 (chip 2 TX) — outputs written...",2026-09-24T08:01:51Z
DSP PCBA (H1S1 MCU wiring),DSP chip-select CS5 (fw.csv Dsp5),DC2-CS5,NO DATA,CS5 reaches no fitted part; the CM4 line is claimed for CS_M on this unit,"no part behind the select, and no read path to the net","SPEC CORRECTION (S100). hardware-map.md:410-411: ""CS1-8 DSP chip-select provision (8-DSP scaling -- only CS1/CS2 live on DSP4)"". fw.csv Dsp5 is H1S1 pin C13 on net CS5, and H1S1 holds it an INPUT by decision, so nothing asserts it and H1S1 publishes no cell that could report its level -- there is no read path in either direction, not merely no part. Separately, the D8 amendment gives CS_M a spa...",2026-09-24T08:01:51Z
DSP PCBA (H1S1 MCU wiring),DSP chip-select CS6 (fw.csv Dsp6),DC2-CS6,NO DATA,CS6 reaches no fitted part,"no part behind the select, and no read path to the net","SPEC CORRECTION (S100). hardware-map.md:410-411, the 8-DSP scaling provision. fw.csv Dsp6 is H1S1 pin B15 on net CS6; H1S1 holds it an INPUT and publishes no cell that could report its level, so there is no read path. CS6 is the one genuinely idle select of the eight: the D8 amendment lists CS5 OR CS6 as the spare for CS_M and this unit took CS5.",2026-09-24T08:01:51Z
DSP PCBA (H1S1 MCU wiring),DSP chip-select CS7 (fw.csv Dsp7),DC2-CS7,NO DATA,"CS7 is not a DSP chip select: it is SWD_EN1, CM4-owned",n/a -- assert-one-read-one does not apply to this net,"SPEC CORRECTION (S100), the same shape as CS3/CS4. CS7 (H1S1 PC15, fw.csv Dsp7) carries SWD_EN1: dsp4-architecture-decisions.md D8 amendment, ""CS7/8 are permanently the CM4-owned SWD_EN selects"", realised on rev C as the CS7/CS8 -> SWD_EN1/EN3 proto wires. H1S1 driving it ""forces ch3 permanently selected and breaks the CM4 SWD channel-select"" (archive/tasks-archive-2026-08-20.md:365-367), which...",2026-09-24T08:01:51Z
DSP PCBA (H1S1 MCU wiring),DSP chip-select CS8 (fw.csv Dsp8),DC2-CS8,NO DATA,"CS8 is not a DSP chip select: it is SWD_EN3, CM4-owned",n/a -- assert-one-read-one does not apply to this net,"SPEC CORRECTION (S100), the same shape as CS3/CS4. CS8 (H1S1 PH0, fw.csv Dsp8) carries SWD_EN3 -- see CS7: same D8 amendment, same proto wire pair, same reason H1S1 holds it an input, and the same absence of a read path in this runner.",2026-09-24T08:01:51Z
DSP PCBA (H1S1 MCU wiring),DSP chip-select CS5 (fw.csv Dsp5),DC1-CS5,NO DATA,CS5 reaches no fitted part; the CM4 line is claimed for CS_M on this unit,"no part behind the select, and no read path to the net","SPEC CORRECTION (S100). hardware-map.md:410-411: ""CS1-8 DSP chip-select provision (8-DSP scaling -- only CS1/CS2 live on DSP4)"". fw.csv Dsp5 is H1S1 pin C13 on net CS5, and H1S1 holds it an INPUT by decision, so nothing asserts it and H1S1 publishes no cell that could report its level -- there is no read path in either direction, not merely no part. Separately, the D8 amendment gives CS_M a spa...",2026-09-24T08:25:41Z
DSP PCBA (H1S1 MCU wiring),DSP chip-select CS5 (fw.csv Dsp5),DC2-CS5,NO DATA,CS5 reaches no fitted part; the CM4 line is claimed for CS_M on this unit,"no part behind the select, and no read path to the net","SPEC CORRECTION (S100). hardware-map.md:410-411: ""CS1-8 DSP chip-select provision (8-DSP scaling -- only CS1/CS2 live on DSP4)"". fw.csv Dsp5 is H1S1 pin C13 on net CS5, and H1S1 holds it an INPUT by decision, so nothing asserts it and H1S1 publishes no cell that could report its level -- there is no read path in either direction, not merely no part. Separately, the D8 amendment gives CS_M a spa...",2026-09-24T08:25:41Z
DSP PCBA (H1S1 MCU wiring),DSP chip-select CS5 (fw.csv Dsp5),DC1-CS5,NO DATA,CS5 reaches no fitted part; the CM4 line is claimed for CS_M on this unit,"no part behind the select, and no read path to the net","SPEC CORRECTION (S100). hardware-map.md:410-411: ""CS1-8 DSP chip-select provision (8-DSP scaling -- only CS1/CS2 live on DSP4)"". fw.csv Dsp5 is H1S1 pin C13 on net CS5, and H1S1 holds it an INPUT by decision, so nothing asserts it and H1S1 publishes no cell that could report its level -- there is no read path in either direction, not merely no part. Separately, the D8 amendment gives CS_M a spa...",2026-09-24T08:45:09Z
DSP PCBA (H1S1 MCU wiring),DSP chip-select CS5 (fw.csv Dsp5),DC2-CS5,NO DATA,CS5 reaches no fitted part; the CM4 line is claimed for CS_M on this unit,"no part behind the select, and no read path to the net","SPEC CORRECTION (S100). hardware-map.md:410-411: ""CS1-8 DSP chip-select provision (8-DSP scaling -- only CS1/CS2 live on DSP4)"". fw.csv Dsp5 is H1S1 pin C13 on net CS5, and H1S1 holds it an INPUT by decision, so nothing asserts it and H1S1 publishes no cell that could report its level -- there is no read path in either direction, not merely no part. Separately, the D8 amendment gives CS_M a spa...",2026-09-24T08:45:09Z
Left Switch PCBA,Panel MEMS mic (talkback),MM1,NO DATA,1 MEMS lanes all STATIC with AN_EN 26: op -- pd | lo,lane alive; idle floor within the declared window,"AN_EN (GPIO26) = 26: op -- pd | lo // GPIO26 = output XIN_MEMS 46 736 7 0 16 1 -186.64 -186.64 ffffffff ffffffff ffffffff STATIC PREREQUISITE: the analog rails. AN_EN (GPIO26) is low and a dispatched session may not raise it (bench note 19 / S49-15: ""AN_EN is never written by a dispatched session""). With the front ends unpowered a STATIC lane is the test state, not a converter fault, so this is...",2026-09-24T09:52:33Z
Left Switch PCBA,Speaker,SP1,NO DATA,route asserted and read back; waiting on the analog rails (AN_EN = 26: op -- pd | lo; a dispatched session may not raise it -- bench note 19 / S49-15) and a DSP4_TEST_NODES=1 pair (TEST_OSC's injection hook is inside that guard; the staged pair is the shipping pair),1 kHz tone on the MEMS lane >= 20 dB above its idle floor; tone off -> floor returns,"THE ROUTE, named (S102, correcting S90-P6 which read it as absent). The speaker is codec TDM slot 0 = C2_MON_OUT slot 0 = signal CODEC_OUT_1 = AK4619 AOUT1L (analog U3 pin 22) -- the ONLY codec DAC output fitted on a D24 (mx26 tools/netlist/parts.csv:67: C20/C21/C22 on AOUT1R/AOUT2L/AOUT2R are DNP). U3.22 -> C23 -> SPKR -> analog J59.12 = digital J42.12 -> C82 -> TS482 (digital U32) -> SPKR0/SP...",2026-09-24T09:53:47Z
Left Switch PCBA,Speaker,SP1,NO DATA,"the MEMS lane is STATIC in all three legs (idle -186.64 dBFS, tone -186.64 dBFS (+0.00 dB), back -186.64 dBFS (+0.00 dB)) -- nothing was measured",1 kHz tone on the MEMS lane >= 20 dB above its idle floor; tone off -> floor returns,"THE ROUTE, named (S102, correcting S90-P6 which read it as absent). The speaker is codec TDM slot 0 = C2_MON_OUT slot 0 = signal CODEC_OUT_1 = AK4619 AOUT1L (analog U3 pin 22) -- the ONLY codec DAC output fitted on a D24 (mx26 tools/netlist/parts.csv:67: C20/C21/C22 on AOUT1R/AOUT2L/AOUT2R are DNP). U3.22 -> C23 -> SPKR -> analog J59.12 = digital J42.12 -> C82 -> TS482 (digital U32) -> SPKR0/SP...",2026-09-24T10:16:29Z
Left Switch PCBA,Panel MEMS mic (talkback),MM1,FAIL,1 MEMS lanes all STATIC with AN_EN up,lane alive; idle floor within the declared window,"AN_EN (GPIO26) = 26: op -- pd | hi // GPIO26 = output XIN_MEMS 46 736 7 0 16 1 -186.64 -186.64 ffffffff ffffffff ffffffff STATIC The spec asks for the PDM clock as well as the lane, and nothing on the CM4 reads it: the CPLD's lane witness counts cdc_o only -- there is no counter on the MEMS group (bench note 31) -- so ""lane stuck"" and ""no PDM clock"" are not separated by any read path that exist...",2026-09-24T10:17:39Z
