tag,cycle,ts,speed,spi_mode,post_reset,no_reset,order,sync,cfg_chips,boot1_ok,boot1_ms,boot1_err,boot2_ok,boot2_ms,boot2_err,rdy1_pre,rdy2_pre,rdy1_post,rdy2_post,pre1_magic,pre1_id,pre1_stage,pre1_cfg,pre1_frames,pre1_ticks,pre1_rx,pre1_err,pre1_drop,pre1_pid,pre1_build,pre1_phase,pre1_cgufail,pre1_it1,pre1_it2,pre1_it3,pre1_it4,pre1_pfix,pre1_pticks,pre2_magic,pre2_id,pre2_stage,pre2_cfg,pre2_frames,pre2_ticks,pre2_rx,pre2_err,pre2_drop,pre2_pid,pre2_build,pre2_phase,pre2_cgufail,pre2_it1,pre2_it2,pre2_it3,pre2_it4,pre2_pfix,pre2_pticks,post1_magic,post1_id,post1_stage,post1_cfg,post1_frames,post1_ticks,post1_rx,post1_err,post1_drop,post1_pid,post1_build,post1_phase,post1_cgufail,post1_it1,post1_it2,post1_it3,post1_it4,post1_pfix,post1_pticks,post2_magic,post2_id,post2_stage,post2_cfg,post2_frames,post2_ticks,post2_rx,post2_err,post2_drop,post2_pid,post2_build,post2_phase,post2_cgufail,post2_it1,post2_it2,post2_it3,post2_it4,post2_pfix,post2_pticks,rechk1_magic,rechk1_id,rechk1_stage,rechk1_cfg,rechk1_frames,rechk1_ticks,rechk1_rx,rechk1_err,rechk1_drop,rechk1_pid,rechk1_build,rechk1_phase,rechk1_cgufail,rechk1_it1,rechk1_it2,rechk1_it3,rechk1_it4,rechk1_pfix,rechk1_pticks,rechk2_magic,rechk2_id,rechk2_stage,rechk2_cfg,rechk2_frames,rechk2_ticks,rechk2_rx,rechk2_err,rechk2_drop,rechk2_pid,rechk2_build,rechk2_phase,rechk2_cgufail,rechk2_it1,rechk2_it2,rechk2_it3,rechk2_it4,rechk2_pfix,rechk2_pticks,cfg_ok,cfg_detail,verdict
shipfix2,1,2026-08-30T21:00:13Z,10000000,1,0.5,0,"1,2",0,1,1,492.1,,1,251.9,,0,0,1,1,3585343489,1,5,0,31805,2651,16,0,0,0,539363346,0,0,0,0,0,0,0,0,3585343489,1,7,1,31870,5195,23099,3684,0,957954,539363346,5,0,1,56,0,0,1,0,3585343489,1,7,1,50005,5669,108,0,0,1,539363346,5,0,1,52,0,0,0,0,3585343489,1,7,1,50050,8225,23140,3684,0,957954,539363346,5,0,1,56,0,0,1,0,,,,,,,,,,,,,,,,,,,,,,,,,,,,,,,,,,,,,,,1,c1:51 writes,OK
shipfix2,2,2026-08-30T21:00:22Z,10000000,1,0.5,0,"1,2",0,1,1,492.0,,1,252.0,,0,0,1,0,3585343489,1,5,0,31547,2630,16,0,0,0,539363346,0,0,0,0,0,0,0,0,3585343489,2,5,0,30102,2509,16,0,0,0,539363346,0,0,0,0,0,0,0,0,3585343489,1,7,1,49757,5650,108,0,0,1,539363346,5,0,1,52,0,0,0,0,3585343489,2,5,0,48311,4027,57,0,0,0,539363346,0,0,0,0,0,0,0,0,,,,,,,,,,,,,,,,,,,,,,,,,,,,,,,,,,,,,,,1,c1:51 writes,OK
shipfix2,3,2026-08-30T21:00:32Z,10000000,1,0.5,0,"1,2",0,1,1,495.5,,1,254.1,,0,0,1,0,3585343489,1,5,0,31579,2632,16,0,0,0,539363346,0,0,0,0,0,0,0,0,3585343489,2,5,0,30121,2511,16,0,0,0,539363346,0,0,0,0,0,0,0,0,3585343489,1,7,1,49788,5652,108,0,0,1,539363346,5,0,1,56,0,0,0,0,3585343489,2,5,0,48330,4028,57,0,0,0,539363346,0,0,0,0,0,0,0,0,,,,,,,,,,,,,,,,,,,,,,,,,,,,,,,,,,,,,,,1,c1:51 writes,OK
shipfix2,4,2026-08-30T21:00:41Z,10000000,1,0.5,0,"1,2",0,1,1,495.5,,1,254.0,,0,0,1,0,3585343489,1,5,0,31578,2632,16,0,0,0,539363346,0,0,0,0,0,0,0,0,3585343489,2,5,0,30120,2511,16,0,0,0,539363346,0,0,0,0,0,0,0,0,3585343489,1,7,1,49786,5652,108,0,0,1,539363346,5,0,1,56,0,0,0,0,3585343489,2,5,0,48328,4028,57,0,0,0,539363346,0,0,0,0,0,0,0,0,,,,,,,,,,,,,,,,,,,,,,,,,,,,,,,,,,,,,,,1,c1:51 writes,OK
shipfix2,5,2026-08-30T21:00:50Z,10000000,1,0.5,0,"1,2",0,1,1,495.5,,1,254.0,,0,0,1,0,3585343489,1,5,0,31579,2632,16,0,0,0,539363346,0,0,0,0,0,0,0,0,3585343489,2,5,0,30121,2511,16,0,0,0,539363346,0,0,0,0,0,0,0,0,3585343489,1,7,1,49790,5652,108,0,0,1,539363346,5,0,1,56,0,0,0,0,3585343489,2,5,0,48332,4029,57,0,0,0,539363346,0,0,0,0,0,0,0,0,,,,,,,,,,,,,,,,,,,,,,,,,,,,,,,,,,,,,,,1,c1:51 writes,OK
shipfix2,6,2026-08-30T21:01:00Z,10000000,1,0.5,0,"1,2",0,1,1,495.6,,1,254.1,,0,0,1,0,3585343489,1,5,0,31578,2632,16,0,0,0,539363346,0,0,0,0,0,0,0,0,3585343489,2,5,0,30121,2511,16,0,0,0,539363346,0,0,0,0,0,0,0,0,3585343489,1,7,1,49789,5652,108,0,0,1,539363346,5,0,1,56,0,0,0,0,3585343489,2,5,0,48330,4028,57,0,0,0,539363346,0,0,0,0,0,0,0,0,,,,,,,,,,,,,,,,,,,,,,,,,,,,,,,,,,,,,,,1,c1:51 writes,OK
shipfix2,7,2026-08-30T21:01:09Z,10000000,1,0.5,0,"1,2",0,1,1,495.6,,1,254.1,,0,0,1,0,3585343489,1,5,0,31579,2632,16,0,0,0,539363346,0,0,0,0,0,0,0,0,3585343489,2,5,0,30121,2511,16,0,0,0,539363346,0,0,0,0,0,0,0,0,3585343489,1,7,1,49787,5652,108,0,0,1,539363346,5,0,1,56,0,0,0,0,3585343489,2,5,0,48330,4028,57,0,0,0,539363346,0,0,0,0,0,0,0,0,,,,,,,,,,,,,,,,,,,,,,,,,,,,,,,,,,,,,,,1,c1:51 writes,OK
shipfix2,8,2026-08-30T21:01:19Z,10000000,1,0.5,0,"1,2",0,1,1,495.7,,1,254.1,,0,0,1,0,3585343489,1,5,0,31579,2632,16,0,0,0,539363346,0,0,0,0,0,0,0,0,3585343489,2,5,0,30121,2511,16,0,0,0,539363346,0,0,0,0,0,0,0,0,3585343489,1,7,1,49789,5652,108,0,0,1,539363346,5,0,1,52,0,0,0,0,3585343489,2,5,0,48330,4028,57,0,0,0,539363346,0,0,0,0,0,0,0,0,,,,,,,,,,,,,,,,,,,,,,,,,,,,,,,,,,,,,,,1,c1:51 writes,OK
shipfix2,9,2026-08-30T21:01:28Z,10000000,1,0.5,0,"1,2",0,1,1,495.6,,1,254.2,,0,0,1,0,3585343489,1,5,0,31579,2632,16,0,0,0,539363346,0,0,0,0,0,0,0,0,3585343489,2,5,0,30120,2511,16,0,0,0,539363346,0,0,0,0,0,0,0,0,3585343489,1,7,1,49788,5652,108,0,0,1,539363346,5,0,1,56,0,0,0,0,3585343489,2,5,0,48330,4028,57,0,0,0,539363346,0,0,0,0,0,0,0,0,,,,,,,,,,,,,,,,,,,,,,,,,,,,,,,,,,,,,,,1,c1:51 writes,OK
shipfix2,10,2026-08-30T21:01:37Z,10000000,1,0.5,0,"1,2",0,1,1,495.7,,1,254.1,,0,0,1,0,3585343489,1,5,0,31579,2632,16,0,0,0,539363346,0,0,0,0,0,0,0,0,3585343489,2,5,0,30121,2511,16,0,0,0,539363346,0,0,0,0,0,0,0,0,3585343489,1,7,1,49781,5651,108,0,0,1,539363346,5,0,1,56,0,0,0,0,3585343489,2,5,0,48322,4028,57,0,0,0,539363346,0,0,0,0,0,0,0,0,,,,,,,,,,,,,,,,,,,,,,,,,,,,,,,,,,,,,,,1,c1:51 writes,OK
shipfix2,11,2026-08-30T21:01:47Z,10000000,1,0.5,0,"1,2",0,1,1,495.6,,1,254.1,,0,0,1,0,3585343489,1,5,0,31578,2632,16,0,0,0,539363346,0,0,0,0,0,0,0,0,3585343489,2,5,0,30120,2511,16,0,0,0,539363346,0,0,0,0,0,0,0,0,3585343489,1,7,1,49788,5652,108,0,0,1,539363346,5,0,1,52,0,0,0,0,3585343489,2,5,0,48330,4028,57,0,0,0,539363346,0,0,0,0,0,0,0,0,,,,,,,,,,,,,,,,,,,,,,,,,,,,,,,,,,,,,,,1,c1:51 writes,OK
shipfix2,12,2026-08-30T21:01:56Z,10000000,1,0.5,0,"1,2",0,1,1,495.6,,1,254.1,,0,0,1,0,3585343489,1,5,0,31579,2632,16,0,0,0,539363346,0,0,0,0,0,0,0,0,3585343489,2,5,0,30121,2511,16,0,0,0,539363346,0,0,0,0,0,0,0,0,3585343489,1,7,1,49788,5652,108,0,0,1,539363346,5,0,1,52,0,0,0,0,3585343489,2,5,0,48329,4028,57,0,0,0,539363346,0,0,0,0,0,0,0,0,,,,,,,,,,,,,,,,,,,,,,,,,,,,,,,,,,,,,,,1,c1:51 writes,OK
shipfix2,13,2026-08-30T21:02:05Z,10000000,1,0.5,0,"1,2",0,1,1,495.7,,1,254.1,,0,0,1,0,3585343489,1,5,0,31579,2632,16,0,0,0,539363346,0,0,0,0,0,0,0,0,3585343489,2,5,0,30121,2511,16,0,0,0,539363346,0,0,0,0,0,0,0,0,3585343489,1,7,1,49789,5652,108,0,0,1,539363346,5,0,1,52,0,0,0,0,3585343489,2,5,0,48330,4028,57,0,0,0,539363346,0,0,0,0,0,0,0,0,,,,,,,,,,,,,,,,,,,,,,,,,,,,,,,,,,,,,,,1,c1:51 writes,OK
shipfix2,14,2026-08-30T21:02:15Z,10000000,1,0.5,0,"1,2",0,1,1,495.5,,1,254.0,,0,0,1,0,3585343489,1,5,0,31578,2632,16,0,0,0,539363346,0,0,0,0,0,0,0,0,3585343489,2,5,0,30120,2511,16,0,0,0,539363346,0,0,0,0,0,0,0,0,3585343489,1,7,1,49787,5652,108,0,0,1,539363346,5,0,1,56,0,0,0,0,3585343489,2,5,0,48328,4028,57,0,0,0,539363346,0,0,0,0,0,0,0,0,,,,,,,,,,,,,,,,,,,,,,,,,,,,,,,,,,,,,,,1,c1:51 writes,OK
shipfix2,15,2026-08-30T21:02:24Z,10000000,1,0.5,0,"1,2",0,1,1,495.5,,1,254.1,,0,0,1,0,3585343489,1,5,0,31579,2632,16,0,0,0,539363346,0,0,0,0,0,0,0,0,3585343489,2,5,0,30121,2511,16,0,0,0,539363346,0,0,0,0,0,0,0,0,3585343489,1,7,1,49787,5652,108,0,0,1,539363346,5,0,1,52,0,0,0,0,3585343489,2,5,0,48329,4028,57,0,0,0,539363346,0,0,0,0,0,0,0,0,,,,,,,,,,,,,,,,,,,,,,,,,,,,,,,,,,,,,,,1,c1:51 writes,OK
shipfix2,16,2026-08-30T21:02:33Z,10000000,1,0.5,0,"1,2",0,1,1,495.6,,1,254.1,,0,0,1,0,3585343489,1,5,0,31579,2632,16,0,0,0,539363346,0,0,0,0,0,0,0,0,3585343489,2,5,0,30121,2511,16,0,0,0,539363346,0,0,0,0,0,0,0,0,3585343489,1,7,1,49788,5652,108,0,0,1,539363346,5,0,1,56,0,0,0,0,3585343489,2,5,0,48330,4028,57,0,0,0,539363346,0,0,0,0,0,0,0,0,,,,,,,,,,,,,,,,,,,,,,,,,,,,,,,,,,,,,,,1,c1:51 writes,OK
shipfix2,17,2026-08-30T21:02:43Z,10000000,1,0.5,0,"1,2",0,1,1,495.7,,1,254.1,,0,0,1,0,3585343489,1,5,0,31579,2632,16,0,0,0,539363346,0,0,0,0,0,0,0,0,3585343489,2,5,0,30121,2511,16,0,0,0,539363346,0,0,0,0,0,0,0,0,3585343489,1,7,1,49789,5652,108,0,0,1,539363346,5,0,1,56,0,0,0,0,3585343489,2,5,0,48331,4028,57,0,0,0,539363346,0,0,0,0,0,0,0,0,,,,,,,,,,,,,,,,,,,,,,,,,,,,,,,,,,,,,,,1,c1:51 writes,OK
shipfix2,18,2026-08-30T21:02:52Z,10000000,1,0.5,0,"1,2",0,1,1,495.7,,1,254.2,,0,0,1,0,3585343489,1,5,0,31580,2633,16,0,0,0,539363346,0,0,0,0,0,0,0,0,3585343489,2,5,0,30121,2511,16,0,0,0,539363346,0,0,0,0,0,0,0,0,3585343489,1,7,1,49789,5652,108,0,0,1,539363346,5,0,1,56,0,0,0,0,3585343489,2,5,0,48329,4028,57,0,0,0,539363346,0,0,0,0,0,0,0,0,,,,,,,,,,,,,,,,,,,,,,,,,,,,,,,,,,,,,,,1,c1:51 writes,OK
shipfix2,19,2026-08-30T21:03:02Z,10000000,1,0.5,0,"1,2",0,1,1,495.8,,1,254.2,,0,0,1,0,3585343489,1,5,0,31579,2632,16,0,0,0,539363346,0,0,0,0,0,0,0,0,3585343489,2,5,0,30120,2511,16,0,0,0,539363346,0,0,0,0,0,0,0,0,3585343489,1,7,1,49787,5652,108,0,0,1,539363346,5,0,1,56,0,0,0,0,3585343489,2,5,0,48329,4028,57,0,0,0,539363346,0,0,0,0,0,0,0,0,,,,,,,,,,,,,,,,,,,,,,,,,,,,,,,,,,,,,,,1,c1:51 writes,OK
shipfix2,20,2026-08-30T21:03:11Z,10000000,1,0.5,0,"1,2",0,1,1,495.6,,1,254.1,,0,0,1,0,3585343489,1,5,0,31579,2632,16,0,0,0,539363346,0,0,0,0,0,0,0,0,3585343489,2,5,0,30121,2511,16,0,0,0,539363346,0,0,0,0,0,0,0,0,3585343489,1,7,1,49787,5652,108,0,0,1,539363346,5,0,1,56,0,0,0,0,3585343489,2,5,0,48329,4028,57,0,0,0,539363346,0,0,0,0,0,0,0,0,,,,,,,,,,,,,,,,,,,,,,,,,,,,,,,,,,,,,,,1,c1:51 writes,OK
shipfix2,21,2026-08-30T21:03:20Z,10000000,1,0.5,0,"1,2",0,1,1,495.7,,1,254.3,,0,0,1,0,3585343489,1,5,0,31581,2633,16,0,0,0,539363346,0,0,0,0,0,0,0,0,3585343489,2,5,0,30122,2511,16,0,0,0,539363346,0,0,0,0,0,0,0,0,3585343489,1,7,1,49789,5652,108,0,0,1,539363346,5,0,1,52,0,0,0,0,3585343489,2,5,0,48330,4028,57,0,0,0,539363346,0,0,0,0,0,0,0,0,,,,,,,,,,,,,,,,,,,,,,,,,,,,,,,,,,,,,,,1,c1:51 writes,OK
shipfix2,22,2026-08-30T21:03:30Z,10000000,1,0.5,0,"1,2",0,1,1,495.7,,1,254.2,,0,0,1,0,3585343489,1,5,0,31579,2632,16,0,0,0,539363346,0,0,0,0,0,0,0,0,3585343489,2,5,0,30121,2511,16,0,0,0,539363346,0,0,0,0,0,0,0,0,3585343489,1,7,1,49790,5652,108,0,0,1,539363346,5,0,1,52,0,0,0,0,3585343489,2,5,0,48331,4028,57,0,0,0,539363346,0,0,0,0,0,0,0,0,,,,,,,,,,,,,,,,,,,,,,,,,,,,,,,,,,,,,,,1,c1:51 writes,OK
shipfix2,23,2026-08-30T21:03:39Z,10000000,1,0.5,0,"1,2",0,1,1,495.8,,1,254.2,,0,0,1,0,3585343489,1,5,0,31580,2633,16,0,0,0,539363346,0,0,0,0,0,0,0,0,3585343489,2,5,0,30121,2511,16,0,0,0,539363346,0,0,0,0,0,0,0,0,3585343489,1,7,1,49791,5652,108,0,0,1,539363346,5,0,1,56,0,0,0,0,3585343489,2,5,0,48332,4029,57,0,0,0,539363346,0,0,0,0,0,0,0,0,,,,,,,,,,,,,,,,,,,,,,,,,,,,,,,,,,,,,,,1,c1:51 writes,OK
shipfix2,24,2026-08-30T21:03:48Z,10000000,1,0.5,0,"1,2",0,1,1,495.7,,1,254.2,,0,0,1,0,3585343489,1,5,0,31579,2632,16,0,0,0,539363346,0,0,0,0,0,0,0,0,3585343489,2,5,0,30121,2511,16,0,0,0,539363346,0,0,0,0,0,0,0,0,3585343489,1,7,1,49790,5652,108,0,0,1,539363346,5,0,1,54,0,0,0,0,3585343489,2,5,0,48331,4028,57,0,0,0,539363346,0,0,0,0,0,0,0,0,,,,,,,,,,,,,,,,,,,,,,,,,,,,,,,,,,,,,,,1,c1:51 writes,OK
shipfix2,25,2026-08-30T21:03:58Z,10000000,1,0.5,0,"1,2",0,1,1,495.7,,1,254.2,,0,0,1,0,3585343489,1,5,0,31580,2633,16,0,0,0,539363346,0,0,0,0,0,0,0,0,3585343489,2,5,0,30121,2511,16,0,0,0,539363346,0,0,0,0,0,0,0,0,3585343489,1,7,1,49790,5652,108,0,0,1,539363346,5,0,1,52,0,0,0,0,3585343489,2,5,0,48331,4028,57,0,0,0,539363346,0,0,0,0,0,0,0,0,,,,,,,,,,,,,,,,,,,,,,,,,,,,,,,,,,,,,,,1,c1:51 writes,OK
shipfix2,26,2026-08-30T21:04:07Z,10000000,1,0.5,0,"1,2",0,1,1,495.7,,1,254.2,,0,0,1,0,3585343489,1,5,0,31579,2632,16,0,0,0,539363346,0,0,0,0,0,0,0,0,3585343489,2,5,0,30121,2511,16,0,0,0,539363346,0,0,0,0,0,0,0,0,3585343489,1,7,1,49788,5652,108,0,0,1,539363346,5,0,1,56,0,0,0,0,3585343489,2,5,0,48330,4028,57,0,0,0,539363346,0,0,0,0,0,0,0,0,,,,,,,,,,,,,,,,,,,,,,,,,,,,,,,,,,,,,,,1,c1:51 writes,OK
shipfix2,27,2026-08-30T21:04:17Z,10000000,1,0.5,0,"1,2",0,1,1,495.5,,1,254.2,,0,0,1,0,3585343489,1,5,0,31580,2633,16,0,0,0,539363346,0,0,0,0,0,0,0,0,3585343489,2,5,0,30121,2511,16,0,0,0,539363346,0,0,0,0,0,0,0,0,3585343489,1,7,1,49788,5652,108,0,0,1,539363346,5,0,1,52,0,0,0,0,3585343489,2,5,0,48328,4028,57,0,0,0,539363346,0,0,0,0,0,0,0,0,,,,,,,,,,,,,,,,,,,,,,,,,,,,,,,,,,,,,,,1,c1:51 writes,OK
shipfix2,28,2026-08-30T21:04:26Z,10000000,1,0.5,0,"1,2",0,1,1,495.6,,1,254.1,,0,0,1,0,3585343489,1,5,0,31580,2633,16,0,0,0,539363346,0,0,0,0,0,0,0,0,3585343489,2,5,0,30122,2511,16,0,0,0,539363346,0,0,0,0,0,0,0,0,3585343489,1,7,1,49784,5652,108,0,0,1,539363346,5,0,1,56,0,0,0,0,3585343489,2,5,0,48325,4028,57,0,0,0,539363346,0,0,0,0,0,0,0,0,,,,,,,,,,,,,,,,,,,,,,,,,,,,,,,,,,,,,,,1,c1:51 writes,OK
shipfix2,29,2026-08-30T21:04:35Z,10000000,1,0.5,0,"1,2",0,1,1,495.6,,1,254.2,,0,0,1,0,3585343489,1,5,0,31580,2633,16,0,0,0,539363346,0,0,0,0,0,0,0,0,3585343489,2,5,0,30121,2511,16,0,0,0,539363346,0,0,0,0,0,0,0,0,3585343489,1,7,1,49785,5652,108,0,0,1,539363346,5,0,1,52,0,0,0,0,3585343489,2,5,0,48326,4028,57,0,0,0,539363346,0,0,0,0,0,0,0,0,,,,,,,,,,,,,,,,,,,,,,,,,,,,,,,,,,,,,,,1,c1:51 writes,OK
shipfix2,30,2026-08-30T21:04:45Z,10000000,1,0.5,0,"1,2",0,1,1,498.1,,1,254.1,,0,0,1,0,3585343489,1,5,0,31579,2632,16,0,0,0,539363346,0,0,0,0,0,0,0,0,3585343489,2,5,0,30122,2511,16,0,0,0,539363346,0,0,0,0,0,0,0,0,3585343489,1,7,1,49788,5652,108,0,0,1,539363346,5,0,1,52,0,0,0,0,3585343489,2,5,0,48329,4028,57,0,0,0,539363346,0,0,0,0,0,0,0,0,,,,,,,,,,,,,,,,,,,,,,,,,,,,,,,,,,,,,,,1,c1:51 writes,OK
shipfix2,31,2026-08-30T21:04:54Z,10000000,1,0.5,0,"1,2",0,1,1,495.5,,1,254.1,,0,0,1,0,3585343489,1,5,0,31579,2632,16,0,0,0,539363346,0,0,0,0,0,0,0,0,3585343489,2,5,0,30121,2511,16,0,0,0,539363346,0,0,0,0,0,0,0,0,3585343489,1,7,1,49789,5652,108,0,0,1,539363346,5,0,1,56,0,0,0,0,3585343489,2,5,0,48330,4028,57,0,0,0,539363346,0,0,0,0,0,0,0,0,,,,,,,,,,,,,,,,,,,,,,,,,,,,,,,,,,,,,,,1,c1:51 writes,OK
shipfix2,32,2026-08-30T21:05:03Z,10000000,1,0.5,0,"1,2",0,1,1,495.5,,1,254.1,,0,0,1,0,3585343489,1,5,0,31580,2633,16,0,0,0,539363346,0,0,0,0,0,0,0,0,3585343489,2,5,0,30122,2511,16,0,0,0,539363346,0,0,0,0,0,0,0,0,3585343489,1,7,1,49788,5652,108,0,0,1,539363346,5,0,1,56,0,0,0,0,3585343489,2,5,0,48329,4028,57,0,0,0,539363346,0,0,0,0,0,0,0,0,,,,,,,,,,,,,,,,,,,,,,,,,,,,,,,,,,,,,,,1,c1:51 writes,OK
shipfix2,33,2026-08-30T21:05:13Z,10000000,1,0.5,0,"1,2",0,1,1,495.4,,1,254.0,,0,0,1,0,3585343489,1,5,0,31578,2632,16,0,0,0,539363346,0,0,0,0,0,0,0,0,3585343489,2,5,0,30120,2511,16,0,0,0,539363346,0,0,0,0,0,0,0,0,3585343489,1,7,1,49787,5652,108,0,0,1,539363346,5,0,1,52,0,0,0,0,3585343489,2,5,0,48330,4028,57,0,0,0,539363346,0,0,0,0,0,0,0,0,,,,,,,,,,,,,,,,,,,,,,,,,,,,,,,,,,,,,,,1,c1:51 writes,OK
shipfix2,34,2026-08-30T21:05:22Z,10000000,1,0.5,0,"1,2",0,1,1,495.7,,1,254.1,,0,0,1,0,3585343489,1,5,0,31579,2632,16,0,0,0,539363346,0,0,0,0,0,0,0,0,3585343489,2,5,0,30121,2511,16,0,0,0,539363346,0,0,0,0,0,0,0,0,3585343489,1,7,1,49789,5652,108,0,0,1,539363346,5,0,1,56,0,0,0,0,3585343489,2,5,0,48330,4028,57,0,0,0,539363346,0,0,0,0,0,0,0,0,,,,,,,,,,,,,,,,,,,,,,,,,,,,,,,,,,,,,,,1,c1:51 writes,OK
shipfix2,35,2026-08-30T21:05:32Z,10000000,1,0.5,0,"1,2",0,1,1,495.7,,1,254.1,,0,0,1,0,3585343489,1,5,0,31579,2632,16,0,0,0,539363346,0,0,0,0,0,0,0,0,3585343489,2,5,0,30120,2511,16,0,0,0,539363346,0,0,0,0,0,0,0,0,3585343489,1,7,1,49786,5652,108,0,0,1,539363346,5,0,1,56,0,0,0,0,3585343489,2,5,0,48328,4028,57,0,0,0,539363346,0,0,0,0,0,0,0,0,,,,,,,,,,,,,,,,,,,,,,,,,,,,,,,,,,,,,,,1,c1:51 writes,OK
shipfix2,36,2026-08-30T21:05:41Z,10000000,1,0.5,0,"1,2",0,1,1,495.5,,1,254.0,,0,0,1,0,3585343489,1,5,0,31578,2632,16,0,0,0,539363346,0,0,0,0,0,0,0,0,3585343489,2,5,0,30120,2511,16,0,0,0,539363346,0,0,0,0,0,0,0,0,3585343489,1,7,1,49780,5651,108,0,0,1,539363346,5,0,1,56,0,0,0,0,3585343489,2,5,0,48322,4028,57,0,0,0,539363346,0,0,0,0,0,0,0,0,,,,,,,,,,,,,,,,,,,,,,,,,,,,,,,,,,,,,,,1,c1:51 writes,OK
shipfix2,37,2026-08-30T21:05:50Z,10000000,1,0.5,0,"1,2",0,1,1,495.7,,1,254.2,,0,0,1,0,3585343489,1,5,0,31579,2632,16,0,0,0,539363346,0,0,0,0,0,0,0,0,3585343489,2,5,0,30120,2511,16,0,0,0,539363346,0,0,0,0,0,0,0,0,3585343489,1,7,1,49787,5652,108,0,0,1,539363346,5,0,1,56,0,0,0,0,3585343489,2,5,0,48329,4028,57,0,0,0,539363346,0,0,0,0,0,0,0,0,,,,,,,,,,,,,,,,,,,,,,,,,,,,,,,,,,,,,,,1,c1:51 writes,OK
shipfix2,38,2026-08-30T21:06:00Z,10000000,1,0.5,0,"1,2",0,1,1,495.6,,1,254.1,,0,0,1,0,3585343489,1,5,0,31578,2632,16,0,0,0,539363346,0,0,0,0,0,0,0,0,3585343489,2,5,0,30121,2511,16,0,0,0,539363346,0,0,0,0,0,0,0,0,3585343489,1,7,1,49788,5652,108,0,0,1,539363346,5,0,1,56,0,0,0,0,3585343489,2,5,0,48330,4028,57,0,0,0,539363346,0,0,0,0,0,0,0,0,,,,,,,,,,,,,,,,,,,,,,,,,,,,,,,,,,,,,,,1,c1:51 writes,OK
shipfix2,39,2026-08-30T21:06:09Z,10000000,1,0.5,0,"1,2",0,1,1,495.6,,1,254.1,,0,0,1,0,3585343489,1,5,0,31579,2632,16,0,0,0,539363346,0,0,0,0,0,0,0,0,3585343489,2,5,0,30121,2511,16,0,0,0,539363346,0,0,0,0,0,0,0,0,3585343489,1,7,1,49788,5652,108,0,0,1,539363346,5,0,1,52,0,0,0,0,3585343489,2,5,0,48329,4028,57,0,0,0,539363346,0,0,0,0,0,0,0,0,,,,,,,,,,,,,,,,,,,,,,,,,,,,,,,,,,,,,,,1,c1:51 writes,OK
shipfix2,40,2026-08-30T21:06:18Z,10000000,1,0.5,0,"1,2",0,1,1,495.4,,1,254.1,,0,0,1,0,3585343489,1,5,0,31578,2632,16,0,0,0,539363346,0,0,0,0,0,0,0,0,3585343489,2,5,0,30120,2511,16,0,0,0,539363346,0,0,0,0,0,0,0,0,3585343489,1,7,1,49787,5652,108,0,0,1,539363346,5,0,1,52,0,0,0,0,3585343489,2,5,0,48329,4028,57,0,0,0,539363346,0,0,0,0,0,0,0,0,,,,,,,,,,,,,,,,,,,,,,,,,,,,,,,,,,,,,,,1,c1:51 writes,OK
shipfix2,41,2026-08-30T21:06:28Z,10000000,1,0.5,0,"1,2",0,1,1,495.5,,1,254.0,,0,0,1,0,3585343489,1,5,0,31578,2632,16,0,0,0,539363346,0,0,0,0,0,0,0,0,3585343489,2,5,0,30120,2511,16,0,0,0,539363346,0,0,0,0,0,0,0,0,3585343489,1,7,1,49787,5652,108,0,0,1,539363346,5,0,1,56,0,0,0,0,3585343489,2,5,0,48328,4028,57,0,0,0,539363346,0,0,0,0,0,0,0,0,,,,,,,,,,,,,,,,,,,,,,,,,,,,,,,,,,,,,,,1,c1:51 writes,OK
shipfix2,42,2026-08-30T21:06:37Z,10000000,1,0.5,0,"1,2",0,1,1,495.6,,1,254.1,,0,0,1,0,3585343489,1,5,0,31580,2633,16,0,0,0,539363346,0,0,0,0,0,0,0,0,3585343489,2,5,0,30122,2511,16,0,0,0,539363346,0,0,0,0,0,0,0,0,3585343489,1,7,1,49791,5652,108,0,0,1,539363346,5,0,1,56,0,0,0,0,3585343489,2,5,0,48332,4029,57,0,0,0,539363346,0,0,0,0,0,0,0,0,,,,,,,,,,,,,,,,,,,,,,,,,,,,,,,,,,,,,,,1,c1:51 writes,OK
shipfix2,43,2026-08-30T21:06:47Z,10000000,1,0.5,0,"1,2",0,1,1,495.6,,1,254.1,,0,0,1,0,3585343489,1,5,0,31579,2632,16,0,0,0,539363346,0,0,0,0,0,0,0,0,3585343489,2,5,0,30121,2511,16,0,0,0,539363346,0,0,0,0,0,0,0,0,3585343489,1,7,1,49789,5652,108,0,0,1,539363346,5,0,1,51,0,0,0,0,3585343489,2,5,0,48330,4028,57,0,0,0,539363346,0,0,0,0,0,0,0,0,,,,,,,,,,,,,,,,,,,,,,,,,,,,,,,,,,,,,,,1,c1:51 writes,OK
shipfix2,44,2026-08-30T21:06:56Z,10000000,1,0.5,0,"1,2",0,1,1,495.7,,1,254.2,,0,0,1,0,3585343489,1,5,0,31580,2633,16,0,0,0,539363346,0,0,0,0,0,0,0,0,3585343489,2,5,0,30122,2511,16,0,0,0,539363346,0,0,0,0,0,0,0,0,3585343489,1,7,1,49790,5652,108,0,0,1,539363346,5,0,1,56,0,0,0,0,3585343489,2,5,0,48331,4028,57,0,0,0,539363346,0,0,0,0,0,0,0,0,,,,,,,,,,,,,,,,,,,,,,,,,,,,,,,,,,,,,,,1,c1:51 writes,OK
shipfix2,45,2026-08-30T21:07:05Z,10000000,1,0.5,0,"1,2",0,1,1,495.7,,1,254.1,,0,0,1,0,3585343489,1,5,0,31580,2632,16,0,0,0,539363346,0,0,0,0,0,0,0,0,3585343489,2,5,0,30121,2511,16,0,0,0,539363346,0,0,0,0,0,0,0,0,3585343489,1,7,1,49786,5652,108,0,0,1,539363346,5,0,1,56,0,0,0,0,3585343489,2,5,0,48328,4028,57,0,0,0,539363346,0,0,0,0,0,0,0,0,,,,,,,,,,,,,,,,,,,,,,,,,,,,,,,,,,,,,,,1,c1:51 writes,OK
shipfix2,46,2026-08-30T21:07:15Z,10000000,1,0.5,0,"1,2",0,1,1,495.5,,1,254.1,,0,0,1,0,3585343489,1,5,0,31579,2632,16,0,0,0,539363346,0,0,0,0,0,0,0,0,3585343489,2,5,0,30121,2511,16,0,0,0,539363346,0,0,0,0,0,0,0,0,3585343489,1,7,1,49788,5652,108,0,0,1,539363346,5,0,1,56,0,0,0,0,3585343489,2,5,0,48330,4028,57,0,0,0,539363346,0,0,0,0,0,0,0,0,,,,,,,,,,,,,,,,,,,,,,,,,,,,,,,,,,,,,,,1,c1:51 writes,OK
shipfix2,47,2026-08-30T21:07:24Z,10000000,1,0.5,0,"1,2",0,1,1,495.5,,1,254.0,,0,0,1,0,3585343489,1,5,0,31579,2632,16,0,0,0,539363346,0,0,0,0,0,0,0,0,3585343489,2,5,0,30121,2511,16,0,0,0,539363346,0,0,0,0,0,0,0,0,3585343489,1,7,1,49787,5652,108,0,0,1,539363346,5,0,1,52,0,0,0,0,3585343489,2,5,0,48329,4028,57,0,0,0,539363346,0,0,0,0,0,0,0,0,,,,,,,,,,,,,,,,,,,,,,,,,,,,,,,,,,,,,,,1,c1:51 writes,OK
shipfix2,48,2026-08-30T21:07:33Z,10000000,1,0.5,0,"1,2",0,1,1,495.4,,1,254.0,,0,0,1,0,3585343489,1,5,0,31578,2632,16,0,0,0,539363346,0,0,0,0,0,0,0,0,3585343489,2,5,0,30120,2511,16,0,0,0,539363346,0,0,0,0,0,0,0,0,3585343489,1,7,1,49786,5652,108,0,0,1,539363346,5,0,1,56,0,0,0,0,3585343489,2,5,0,48328,4028,57,0,0,0,539363346,0,0,0,0,0,0,0,0,,,,,,,,,,,,,,,,,,,,,,,,,,,,,,,,,,,,,,,1,c1:51 writes,OK
shipfix2,49,2026-08-30T21:07:43Z,10000000,1,0.5,0,"1,2",0,1,1,495.4,,1,254.0,,0,0,1,0,3585343489,1,5,0,31579,2632,16,0,0,0,539363346,0,0,0,0,0,0,0,0,3585343489,2,5,0,30121,2511,16,0,0,0,539363346,0,0,0,0,0,0,0,0,3585343489,1,7,1,49788,5652,108,0,0,1,539363346,5,0,1,52,0,0,0,0,3585343489,2,5,0,48331,4028,57,0,0,0,539363346,0,0,0,0,0,0,0,0,,,,,,,,,,,,,,,,,,,,,,,,,,,,,,,,,,,,,,,1,c1:51 writes,OK
shipfix2,50,2026-08-30T21:07:52Z,10000000,1,0.5,0,"1,2",0,1,1,495.7,,1,254.1,,0,0,1,0,3585343489,1,5,0,31580,2632,16,0,0,0,539363346,0,0,0,0,0,0,0,0,3585343489,2,5,0,30121,2511,16,0,0,0,539363346,0,0,0,0,0,0,0,0,3585343489,1,7,1,49790,5652,108,0,0,1,539363346,5,0,1,55,0,0,0,0,3585343489,2,5,0,48332,4029,57,0,0,0,539363346,0,0,0,0,0,0,0,0,,,,,,,,,,,,,,,,,,,,,,,,,,,,,,,,,,,,,,,1,c1:51 writes,OK
shipfix2,51,2026-08-30T21:08:02Z,10000000,1,0.5,0,"1,2",0,1,1,495.6,,1,254.1,,0,0,1,0,3585343489,1,5,0,31578,2632,16,0,0,0,539363346,0,0,0,0,0,0,0,0,3585343489,2,5,0,30120,2511,16,0,0,0,539363346,0,0,0,0,0,0,0,0,3585343489,1,7,1,49778,5651,108,0,0,1,539363346,5,0,1,56,0,0,0,0,3585343489,2,5,0,48320,4028,57,0,0,0,539363346,0,0,0,0,0,0,0,0,,,,,,,,,,,,,,,,,,,,,,,,,,,,,,,,,,,,,,,1,c1:51 writes,OK
shipfix2,52,2026-08-30T21:08:11Z,10000000,1,0.5,0,"1,2",0,1,1,495.5,,1,254.0,,0,0,1,0,3585343489,1,5,0,31578,2632,16,0,0,0,539363346,0,0,0,0,0,0,0,0,3585343489,2,5,0,30120,2511,16,0,0,0,539363346,0,0,0,0,0,0,0,0,3585343489,1,7,1,49787,5652,108,0,0,1,539363346,5,0,1,56,0,0,0,0,3585343489,2,5,0,48330,4028,57,0,0,0,539363346,0,0,0,0,0,0,0,0,,,,,,,,,,,,,,,,,,,,,,,,,,,,,,,,,,,,,,,1,c1:51 writes,OK
shipfix2,53,2026-08-30T21:08:20Z,10000000,1,0.5,0,"1,2",0,1,1,495.7,,1,254.2,,0,0,1,0,3585343489,1,5,0,31580,2633,16,0,0,0,539363346,0,0,0,0,0,0,0,0,3585343489,2,5,0,30121,2511,16,0,0,0,539363346,0,0,0,0,0,0,0,0,3585343489,1,7,1,49789,5652,108,0,0,1,539363346,5,0,1,52,0,0,0,0,3585343489,2,5,0,48330,4028,57,0,0,0,539363346,0,0,0,0,0,0,0,0,,,,,,,,,,,,,,,,,,,,,,,,,,,,,,,,,,,,,,,1,c1:51 writes,OK
shipfix2,54,2026-08-30T21:08:30Z,10000000,1,0.5,0,"1,2",0,1,1,495.7,,1,254.1,,0,0,1,0,3585343489,1,5,0,31579,2632,16,0,0,0,539363346,0,0,0,0,0,0,0,0,3585343489,2,5,0,30122,2511,16,0,0,0,539363346,0,0,0,0,0,0,0,0,3585343489,1,7,1,49788,5652,108,0,0,1,539363346,5,0,1,56,0,0,0,0,3585343489,2,5,0,48329,4028,57,0,0,0,539363346,0,0,0,0,0,0,0,0,,,,,,,,,,,,,,,,,,,,,,,,,,,,,,,,,,,,,,,1,c1:51 writes,OK
shipfix2,55,2026-08-30T21:08:39Z,10000000,1,0.5,0,"1,2",0,1,1,495.7,,1,254.1,,0,0,1,0,3585343489,1,5,0,31579,2632,16,0,0,0,539363346,0,0,0,0,0,0,0,0,3585343489,2,5,0,30120,2511,16,0,0,0,539363346,0,0,0,0,0,0,0,0,3585343489,1,7,1,49788,5652,108,0,0,1,539363346,5,0,1,56,0,0,0,0,3585343489,2,5,0,48330,4028,57,0,0,0,539363346,0,0,0,0,0,0,0,0,,,,,,,,,,,,,,,,,,,,,,,,,,,,,,,,,,,,,,,1,c1:51 writes,OK
shipfix2,56,2026-08-30T21:08:48Z,10000000,1,0.5,0,"1,2",0,1,1,495.7,,1,254.1,,0,0,1,0,3585343489,1,5,0,31579,2632,16,0,0,0,539363346,0,0,0,0,0,0,0,0,3585343489,2,5,0,30121,2511,16,0,0,0,539363346,0,0,0,0,0,0,0,0,3585343489,1,7,1,49790,5652,108,0,0,1,539363346,5,0,1,52,0,0,0,0,3585343489,2,5,0,48331,4028,57,0,0,0,539363346,0,0,0,0,0,0,0,0,,,,,,,,,,,,,,,,,,,,,,,,,,,,,,,,,,,,,,,1,c1:51 writes,OK
shipfix2,57,2026-08-30T21:08:58Z,10000000,1,0.5,0,"1,2",0,1,1,495.5,,1,254.1,,0,0,1,0,3585343489,1,5,0,31579,2632,16,0,0,0,539363346,0,0,0,0,0,0,0,0,3585343489,2,5,0,30121,2511,16,0,0,0,539363346,0,0,0,0,0,0,0,0,3585343489,1,7,1,49789,5652,108,0,0,1,539363346,5,0,1,52,0,0,0,0,3585343489,2,5,0,48331,4028,57,0,0,0,539363346,0,0,0,0,0,0,0,0,,,,,,,,,,,,,,,,,,,,,,,,,,,,,,,,,,,,,,,1,c1:51 writes,OK
shipfix2,58,2026-08-30T21:09:07Z,10000000,1,0.5,0,"1,2",0,1,1,495.7,,1,254.2,,0,0,1,0,3585343489,1,5,0,31580,2633,16,0,0,0,539363346,0,0,0,0,0,0,0,0,3585343489,2,5,0,30122,2511,16,0,0,0,539363346,0,0,0,0,0,0,0,0,3585343489,1,7,1,49790,5652,108,0,0,1,539363346,5,0,1,52,0,0,0,0,3585343489,2,5,0,48330,4028,57,0,0,0,539363346,0,0,0,0,0,0,0,0,,,,,,,,,,,,,,,,,,,,,,,,,,,,,,,,,,,,,,,1,c1:51 writes,OK
shipfix2,59,2026-08-30T21:09:16Z,10000000,1,0.5,0,"1,2",0,1,1,495.7,,1,254.2,,0,0,1,0,3585343489,1,5,0,31580,2633,16,0,0,0,539363346,0,0,0,0,0,0,0,0,3585343489,2,5,0,30121,2511,16,0,0,0,539363346,0,0,0,0,0,0,0,0,3585343489,1,7,1,49791,5652,108,0,0,1,539363346,5,0,1,52,0,0,0,0,3585343489,2,5,0,48332,4029,57,0,0,0,539363346,0,0,0,0,0,0,0,0,,,,,,,,,,,,,,,,,,,,,,,,,,,,,,,,,,,,,,,1,c1:51 writes,OK
shipfix2,60,2026-08-30T21:09:26Z,10000000,1,0.5,0,"1,2",0,1,1,495.6,,1,254.1,,0,0,1,0,3585343489,1,5,0,31579,2632,16,0,0,0,539363346,0,0,0,0,0,0,0,0,3585343489,2,5,0,30121,2511,16,0,0,0,539363346,0,0,0,0,0,0,0,0,3585343489,1,7,1,49790,5652,108,0,0,1,539363346,5,0,1,52,0,0,0,0,3585343489,2,5,0,48332,4029,57,0,0,0,539363346,0,0,0,0,0,0,0,0,,,,,,,,,,,,,,,,,,,,,,,,,,,,,,,,,,,,,,,1,c1:51 writes,OK
shipfix2,61,2026-08-30T21:09:35Z,10000000,1,0.5,0,"1,2",0,1,1,495.6,,1,254.1,,0,0,1,0,3585343489,1,5,0,31579,2632,16,0,0,0,539363346,0,0,0,0,0,0,0,0,3585343489,2,5,0,30121,2511,16,0,0,0,539363346,0,0,0,0,0,0,0,0,3585343489,1,7,1,49789,5652,108,0,0,1,539363346,5,0,1,51,0,0,0,0,3585343489,2,5,0,48331,4028,57,0,0,0,539363346,0,0,0,0,0,0,0,0,,,,,,,,,,,,,,,,,,,,,,,,,,,,,,,,,,,,,,,1,c1:51 writes,OK
shipfix2,62,2026-08-30T21:09:45Z,10000000,1,0.5,0,"1,2",0,1,1,495.7,,1,254.2,,0,0,1,0,3585343489,1,5,0,31579,2632,16,0,0,0,539363346,0,0,0,0,0,0,0,0,3585343489,2,5,0,30121,2511,16,0,0,0,539363346,0,0,0,0,0,0,0,0,3585343489,1,7,1,49789,5652,108,0,0,1,539363346,5,0,1,52,0,0,0,0,3585343489,2,5,0,48330,4028,57,0,0,0,539363346,0,0,0,0,0,0,0,0,,,,,,,,,,,,,,,,,,,,,,,,,,,,,,,,,,,,,,,1,c1:51 writes,OK
shipfix2,63,2026-08-30T21:09:54Z,10000000,1,0.5,0,"1,2",0,1,1,495.6,,1,254.1,,0,0,1,0,3585343489,1,5,0,31580,2633,16,0,0,0,539363346,0,0,0,0,0,0,0,0,3585343489,2,5,0,30122,2511,16,0,0,0,539363346,0,0,0,0,0,0,0,0,3585343489,1,7,1,49789,5652,108,0,0,1,539363346,5,0,1,52,0,0,0,0,3585343489,2,5,0,48331,4028,57,0,0,0,539363346,0,0,0,0,0,0,0,0,,,,,,,,,,,,,,,,,,,,,,,,,,,,,,,,,,,,,,,1,c1:51 writes,OK
shipfix2,64,2026-08-30T21:10:03Z,10000000,1,0.5,0,"1,2",0,1,1,495.7,,1,254.2,,0,0,1,0,3585343489,1,5,0,31581,2633,16,0,0,0,539363346,0,0,0,0,0,0,0,0,3585343489,2,5,0,30122,2511,16,0,0,0,539363346,0,0,0,0,0,0,0,0,3585343489,1,7,1,49791,5652,108,0,0,1,539363346,5,0,1,56,0,0,0,0,3585343489,2,5,0,48333,4029,57,0,0,0,539363346,0,0,0,0,0,0,0,0,,,,,,,,,,,,,,,,,,,,,,,,,,,,,,,,,,,,,,,1,c1:51 writes,OK
shipfix2,65,2026-08-30T21:10:13Z,10000000,1,0.5,0,"1,2",0,1,1,495.7,,1,254.2,,0,0,1,0,3585343489,1,5,0,31580,2633,16,0,0,0,539363346,0,0,0,0,0,0,0,0,3585343489,2,5,0,30121,2511,16,0,0,0,539363346,0,0,0,0,0,0,0,0,3585343489,1,7,1,49789,5652,108,0,0,1,539363346,5,0,1,52,0,0,0,0,3585343489,2,5,0,48330,4028,57,0,0,0,539363346,0,0,0,0,0,0,0,0,,,,,,,,,,,,,,,,,,,,,,,,,,,,,,,,,,,,,,,1,c1:51 writes,OK
shipfix2,66,2026-08-30T21:10:22Z,10000000,1,0.5,0,"1,2",0,1,1,495.7,,1,254.1,,0,0,1,0,3585343489,1,5,0,31579,2632,16,0,0,0,539363346,0,0,0,0,0,0,0,0,3585343489,2,5,0,30121,2511,16,0,0,0,539363346,0,0,0,0,0,0,0,0,3585343489,1,7,1,49789,5652,108,0,0,1,539363346,5,0,1,56,0,0,0,0,3585343489,2,5,0,48330,4028,57,0,0,0,539363346,0,0,0,0,0,0,0,0,,,,,,,,,,,,,,,,,,,,,,,,,,,,,,,,,,,,,,,1,c1:51 writes,OK
shipfix2,67,2026-08-30T21:10:31Z,10000000,1,0.5,0,"1,2",0,1,1,495.5,,1,254.1,,0,0,1,0,3585343489,1,5,0,31579,2632,16,0,0,0,539363346,0,0,0,0,0,0,0,0,3585343489,2,5,0,30121,2511,16,0,0,0,539363346,0,0,0,0,0,0,0,0,3585343489,1,7,1,49789,5652,108,0,0,1,539363346,5,0,1,52,0,0,0,0,3585343489,2,5,0,48331,4028,57,0,0,0,539363346,0,0,0,0,0,0,0,0,,,,,,,,,,,,,,,,,,,,,,,,,,,,,,,,,,,,,,,1,c1:51 writes,OK
shipfix2,68,2026-08-30T21:10:41Z,10000000,1,0.5,0,"1,2",0,1,1,495.6,,1,254.1,,0,0,1,0,3585343489,1,5,0,31579,2632,16,0,0,0,539363346,0,0,0,0,0,0,0,0,3585343489,2,5,0,30121,2511,16,0,0,0,539363346,0,0,0,0,0,0,0,0,3585343489,1,7,1,49789,5652,108,0,0,1,539363346,5,0,1,52,0,0,0,0,3585343489,2,5,0,48330,4028,57,0,0,0,539363346,0,0,0,0,0,0,0,0,,,,,,,,,,,,,,,,,,,,,,,,,,,,,,,,,,,,,,,1,c1:51 writes,OK
shipfix2,69,2026-08-30T21:10:50Z,10000000,1,0.5,0,"1,2",0,1,1,495.6,,1,254.1,,0,0,1,0,3585343489,1,5,0,31579,2632,16,0,0,0,539363346,0,0,0,0,0,0,0,0,3585343489,2,5,0,30121,2511,16,0,0,0,539363346,0,0,0,0,0,0,0,0,3585343489,1,7,1,49781,5652,108,0,0,1,539363346,5,0,1,52,0,0,0,0,3585343489,2,5,0,48323,4028,57,0,0,0,539363346,0,0,0,0,0,0,0,0,,,,,,,,,,,,,,,,,,,,,,,,,,,,,,,,,,,,,,,1,c1:51 writes,OK
shipfix2,70,2026-08-30T21:11:00Z,10000000,1,0.5,0,"1,2",0,1,1,495.5,,1,254.1,,0,0,1,0,3585343489,1,5,0,31579,2632,16,0,0,0,539363346,0,0,0,0,0,0,0,0,3585343489,2,5,0,30120,2511,16,0,0,0,539363346,0,0,0,0,0,0,0,0,3585343489,1,7,1,49788,5652,108,0,0,1,539363346,5,0,1,51,0,0,0,0,3585343489,2,5,0,48330,4028,57,0,0,0,539363346,0,0,0,0,0,0,0,0,,,,,,,,,,,,,,,,,,,,,,,,,,,,,,,,,,,,,,,1,c1:51 writes,OK
shipfix2,71,2026-08-30T21:11:09Z,10000000,1,0.5,0,"1,2",0,1,1,495.7,,1,254.1,,0,0,1,0,3585343489,1,5,0,31580,2632,16,0,0,0,539363346,0,0,0,0,0,0,0,0,3585343489,2,5,0,30121,2511,16,0,0,0,539363346,0,0,0,0,0,0,0,0,3585343489,1,7,1,49789,5652,108,0,0,1,539363346,5,0,1,56,0,0,0,0,3585343489,2,5,0,48330,4028,57,0,0,0,539363346,0,0,0,0,0,0,0,0,,,,,,,,,,,,,,,,,,,,,,,,,,,,,,,,,,,,,,,1,c1:51 writes,OK
shipfix2,72,2026-08-30T21:11:18Z,10000000,1,0.5,0,"1,2",0,1,1,495.5,,1,254.1,,0,0,1,0,3585343489,1,5,0,31579,2632,16,0,0,0,539363346,0,0,0,0,0,0,0,0,3585343489,2,5,0,30121,2511,16,0,0,0,539363346,0,0,0,0,0,0,0,0,3585343489,1,7,1,49788,5652,108,0,0,1,539363346,5,0,1,56,0,0,0,0,3585343489,2,5,0,48330,4028,57,0,0,0,539363346,0,0,0,0,0,0,0,0,,,,,,,,,,,,,,,,,,,,,,,,,,,,,,,,,,,,,,,1,c1:51 writes,OK
shipfix2,73,2026-08-30T21:11:28Z,10000000,1,0.5,0,"1,2",0,1,1,495.5,,1,254.2,,0,0,1,0,3585343489,1,5,0,31579,2632,16,0,0,0,539363346,0,0,0,0,0,0,0,0,3585343489,2,5,0,30121,2511,16,0,0,0,539363346,0,0,0,0,0,0,0,0,3585343489,1,7,1,49789,5652,108,0,0,1,539363346,5,0,1,56,0,0,0,0,3585343489,2,5,0,48331,4028,57,0,0,0,539363346,0,0,0,0,0,0,0,0,,,,,,,,,,,,,,,,,,,,,,,,,,,,,,,,,,,,,,,1,c1:51 writes,OK
shipfix2,74,2026-08-30T21:11:37Z,10000000,1,0.5,0,"1,2",0,1,1,495.7,,1,254.2,,0,0,1,0,3585343489,1,5,0,31580,2632,16,0,0,0,539363346,0,0,0,0,0,0,0,0,3585343489,2,5,0,30121,2511,16,0,0,0,539363346,0,0,0,0,0,0,0,0,3585343489,1,7,1,49791,5652,108,0,0,1,539363346,5,0,1,56,0,0,0,0,3585343489,2,5,0,48333,4029,57,0,0,0,539363346,0,0,0,0,0,0,0,0,,,,,,,,,,,,,,,,,,,,,,,,,,,,,,,,,,,,,,,1,c1:51 writes,OK
shipfix2,75,2026-08-30T21:11:46Z,10000000,1,0.5,0,"1,2",0,1,1,515.5,,1,254.2,,0,0,1,0,3585343489,1,5,0,31580,2633,16,0,0,0,539363346,0,0,0,0,0,0,0,0,3585343489,2,5,0,30121,2511,16,0,0,0,539363346,0,0,0,0,0,0,0,0,3585343489,1,7,1,49789,5652,108,0,0,1,539363346,5,0,1,56,0,0,0,0,3585343489,2,5,0,48330,4028,57,0,0,0,539363346,0,0,0,0,0,0,0,0,,,,,,,,,,,,,,,,,,,,,,,,,,,,,,,,,,,,,,,1,c1:51 writes,OK
shipfix2,76,2026-08-30T21:11:56Z,10000000,1,0.5,0,"1,2",0,1,1,495.6,,1,254.2,,0,0,1,0,3585343489,1,5,0,31580,2633,16,0,0,0,539363346,0,0,0,0,0,0,0,0,3585343489,2,5,0,30121,2511,16,0,0,0,539363346,0,0,0,0,0,0,0,0,3585343489,1,7,1,49791,5652,108,0,0,1,539363346,5,0,1,52,0,0,0,0,3585343489,2,5,0,48332,4028,57,0,0,0,539363346,0,0,0,0,0,0,0,0,,,,,,,,,,,,,,,,,,,,,,,,,,,,,,,,,,,,,,,1,c1:51 writes,OK
shipfix2,77,2026-08-30T21:12:05Z,10000000,1,0.5,0,"1,2",0,1,1,495.7,,1,254.2,,0,0,1,0,3585343489,1,5,0,31579,2632,16,0,0,0,539363346,0,0,0,0,0,0,0,0,3585343489,2,5,0,30121,2511,16,0,0,0,539363346,0,0,0,0,0,0,0,0,3585343489,1,7,1,49785,5652,108,0,0,1,539363346,5,0,1,52,0,0,0,0,3585343489,2,5,0,48327,4028,57,0,0,0,539363346,0,0,0,0,0,0,0,0,,,,,,,,,,,,,,,,,,,,,,,,,,,,,,,,,,,,,,,1,c1:51 writes,OK
shipfix2,78,2026-08-30T21:12:15Z,10000000,1,0.5,0,"1,2",0,1,1,495.7,,1,254.2,,0,0,1,0,3585343489,1,5,0,31580,2633,16,0,0,0,539363346,0,0,0,0,0,0,0,0,3585343489,2,5,0,30122,2511,16,0,0,0,539363346,0,0,0,0,0,0,0,0,3585343489,1,7,1,49790,5652,108,0,0,1,539363346,5,0,1,52,0,0,0,0,3585343489,2,5,0,48331,4028,57,0,0,0,539363346,0,0,0,0,0,0,0,0,,,,,,,,,,,,,,,,,,,,,,,,,,,,,,,,,,,,,,,1,c1:51 writes,OK
shipfix2,79,2026-08-30T21:12:24Z,10000000,1,0.5,0,"1,2",0,1,1,495.7,,1,254.1,,0,0,1,0,3585343489,1,5,0,31579,2632,16,0,0,0,539363346,0,0,0,0,0,0,0,0,3585343489,2,5,0,30121,2511,16,0,0,0,539363346,0,0,0,0,0,0,0,0,3585343489,1,7,1,49789,5652,108,0,0,1,539363346,5,0,1,52,0,0,0,0,3585343489,2,5,0,48332,4028,57,0,0,0,539363346,0,0,0,0,0,0,0,0,,,,,,,,,,,,,,,,,,,,,,,,,,,,,,,,,,,,,,,1,c1:51 writes,OK
shipfix2,80,2026-08-30T21:12:33Z,10000000,1,0.5,0,"1,2",0,1,1,495.5,,1,254.0,,0,0,1,0,3585343489,1,5,0,31579,2632,16,0,0,0,539363346,0,0,0,0,0,0,0,0,3585343489,2,5,0,30121,2511,16,0,0,0,539363346,0,0,0,0,0,0,0,0,3585343489,1,7,1,49790,5652,108,0,0,1,539363346,5,0,1,56,0,0,0,0,3585343489,2,5,0,48332,4029,57,0,0,0,539363346,0,0,0,0,0,0,0,0,,,,,,,,,,,,,,,,,,,,,,,,,,,,,,,,,,,,,,,1,c1:51 writes,OK
shipfix2,81,2026-08-30T21:12:43Z,10000000,1,0.5,0,"1,2",0,1,1,495.7,,1,254.1,,0,0,1,0,3585343489,1,5,0,31579,2632,16,0,0,0,539363346,0,0,0,0,0,0,0,0,3585343489,2,5,0,30121,2511,16,0,0,0,539363346,0,0,0,0,0,0,0,0,3585343489,1,7,1,49789,5652,108,0,0,1,539363346,5,0,1,52,0,0,0,0,3585343489,2,5,0,48331,4028,57,0,0,0,539363346,0,0,0,0,0,0,0,0,,,,,,,,,,,,,,,,,,,,,,,,,,,,,,,,,,,,,,,1,c1:51 writes,OK
shipfix2,82,2026-08-30T21:12:52Z,10000000,1,0.5,0,"1,2",0,1,1,495.8,,1,254.2,,0,0,1,0,3585343489,1,5,0,31580,2633,16,0,0,0,539363346,0,0,0,0,0,0,0,0,3585343489,2,5,0,30121,2511,16,0,0,0,539363346,0,0,0,0,0,0,0,0,3585343489,1,7,1,49790,5652,108,0,0,1,539363346,5,0,1,56,0,0,0,0,3585343489,2,5,0,48331,4028,57,0,0,0,539363346,0,0,0,0,0,0,0,0,,,,,,,,,,,,,,,,,,,,,,,,,,,,,,,,,,,,,,,1,c1:51 writes,OK
shipfix2,83,2026-08-30T21:13:01Z,10000000,1,0.5,0,"1,2",0,1,1,495.6,,1,254.1,,0,0,1,0,3585343489,1,5,0,31580,2633,16,0,0,0,539363346,0,0,0,0,0,0,0,0,3585343489,2,5,0,30121,2511,16,0,0,0,539363346,0,0,0,0,0,0,0,0,3585343489,1,7,1,49790,5652,108,0,0,1,539363346,5,0,1,56,0,0,0,0,3585343489,2,5,0,48332,4029,57,0,0,0,539363346,0,0,0,0,0,0,0,0,,,,,,,,,,,,,,,,,,,,,,,,,,,,,,,,,,,,,,,1,c1:51 writes,OK
shipfix2,84,2026-08-30T21:13:11Z,10000000,1,0.5,0,"1,2",0,1,1,495.6,,1,254.1,,0,0,1,0,3585343489,1,5,0,31580,2633,16,0,0,0,539363346,0,0,0,0,0,0,0,0,3585343489,2,5,0,30122,2511,16,0,0,0,539363346,0,0,0,0,0,0,0,0,3585343489,1,7,1,49791,5652,108,0,0,1,539363346,5,0,1,56,0,0,0,0,3585343489,2,5,0,48333,4029,57,0,0,0,539363346,0,0,0,0,0,0,0,0,,,,,,,,,,,,,,,,,,,,,,,,,,,,,,,,,,,,,,,1,c1:51 writes,OK
shipfix2,85,2026-08-30T21:13:20Z,10000000,1,0.5,0,"1,2",0,1,1,495.6,,1,254.2,,0,0,1,0,3585343489,1,5,0,31580,2633,16,0,0,0,539363346,0,0,0,0,0,0,0,0,3585343489,2,5,0,30121,2511,16,0,0,0,539363346,0,0,0,0,0,0,0,0,3585343489,1,7,1,49791,5652,108,0,0,1,539363346,5,0,1,56,0,0,0,0,3585343489,2,5,0,48332,4029,57,0,0,0,539363346,0,0,0,0,0,0,0,0,,,,,,,,,,,,,,,,,,,,,,,,,,,,,,,,,,,,,,,1,c1:51 writes,OK
shipfix2,86,2026-08-30T21:13:30Z,10000000,1,0.5,0,"1,2",0,1,1,495.6,,1,254.3,,0,0,1,0,3585343489,1,5,0,31582,2633,16,0,0,0,539363346,0,0,0,0,0,0,0,0,3585343489,2,5,0,30123,2511,16,0,0,0,539363346,0,0,0,0,0,0,0,0,3585343489,1,7,1,49793,5653,108,0,0,1,539363346,5,0,1,56,0,0,0,0,3585343489,2,5,0,48333,4029,57,0,0,0,539363346,0,0,0,0,0,0,0,0,,,,,,,,,,,,,,,,,,,,,,,,,,,,,,,,,,,,,,,1,c1:51 writes,OK
shipfix2,87,2026-08-30T21:13:39Z,10000000,1,0.5,0,"1,2",0,1,1,495.7,,1,254.1,,0,0,1,0,3585343489,1,5,0,31579,2632,16,0,0,0,539363346,0,0,0,0,0,0,0,0,3585343489,2,5,0,30121,2511,16,0,0,0,539363346,0,0,0,0,0,0,0,0,3585343489,1,7,1,49789,5652,108,0,0,1,539363346,5,0,1,52,0,0,0,0,3585343489,2,5,0,48331,4028,57,0,0,0,539363346,0,0,0,0,0,0,0,0,,,,,,,,,,,,,,,,,,,,,,,,,,,,,,,,,,,,,,,1,c1:51 writes,OK
shipfix2,88,2026-08-30T21:13:48Z,10000000,1,0.5,0,"1,2",0,1,1,495.7,,1,254.2,,0,0,1,0,3585343489,1,5,0,31580,2633,16,0,0,0,539363346,0,0,0,0,0,0,0,0,3585343489,2,5,0,30121,2511,16,0,0,0,539363346,0,0,0,0,0,0,0,0,3585343489,1,7,1,49791,5652,108,0,0,1,539363346,5,0,1,56,0,0,0,0,3585343489,2,5,0,48332,4029,57,0,0,0,539363346,0,0,0,0,0,0,0,0,,,,,,,,,,,,,,,,,,,,,,,,,,,,,,,,,,,,,,,1,c1:51 writes,OK
shipfix2,89,2026-08-30T21:13:58Z,10000000,1,0.5,0,"1,2",0,1,1,495.7,,1,254.2,,0,0,1,0,3585343489,1,5,0,31580,2633,16,0,0,0,539363346,0,0,0,0,0,0,0,0,3585343489,2,5,0,30122,2511,16,0,0,0,539363346,0,0,0,0,0,0,0,0,3585343489,1,7,1,49790,5652,108,0,0,1,539363346,5,0,1,53,0,0,0,0,3585343489,2,5,0,48332,4029,57,0,0,0,539363346,0,0,0,0,0,0,0,0,,,,,,,,,,,,,,,,,,,,,,,,,,,,,,,,,,,,,,,1,c1:51 writes,OK
shipfix2,90,2026-08-30T21:14:07Z,10000000,1,0.5,0,"1,2",0,1,1,495.7,,1,254.1,,0,0,1,0,3585343489,1,5,0,31579,2632,16,0,0,0,539363346,0,0,0,0,0,0,0,0,3585343489,2,5,0,30121,2511,16,0,0,0,539363346,0,0,0,0,0,0,0,0,3585343489,1,7,1,49787,5652,108,0,0,1,539363346,5,0,1,56,0,0,0,0,3585343489,2,5,0,48328,4028,57,0,0,0,539363346,0,0,0,0,0,0,0,0,,,,,,,,,,,,,,,,,,,,,,,,,,,,,,,,,,,,,,,1,c1:51 writes,OK
shipfix2,91,2026-08-30T21:14:16Z,10000000,1,0.5,0,"1,2",0,1,1,495.5,,1,254.1,,0,0,1,0,3585343489,1,5,0,31580,2633,16,0,0,0,539363346,0,0,0,0,0,0,0,0,3585343489,2,5,0,30121,2511,16,0,0,0,539363346,0,0,0,0,0,0,0,0,3585343489,1,7,1,49789,5652,108,0,0,1,539363346,5,0,1,56,0,0,0,0,3585343489,2,5,0,48331,4028,57,0,0,0,539363346,0,0,0,0,0,0,0,0,,,,,,,,,,,,,,,,,,,,,,,,,,,,,,,,,,,,,,,1,c1:51 writes,OK
shipfix2,92,2026-08-30T21:14:26Z,10000000,1,0.5,0,"1,2",0,1,1,495.7,,1,254.3,,0,0,1,0,3585343489,1,5,0,31581,2633,16,0,0,0,539363346,0,0,0,0,0,0,0,0,3585343489,2,5,0,30122,2511,16,0,0,0,539363346,0,0,0,0,0,0,0,0,3585343489,1,7,1,49792,5652,108,0,0,1,539363346,5,0,1,52,0,0,0,0,3585343489,2,5,0,48332,4029,57,0,0,0,539363346,0,0,0,0,0,0,0,0,,,,,,,,,,,,,,,,,,,,,,,,,,,,,,,,,,,,,,,1,c1:51 writes,OK
shipfix2,93,2026-08-30T21:14:35Z,10000000,1,0.5,0,"1,2",0,1,1,495.7,,1,254.1,,0,0,1,0,3585343489,1,5,0,31579,2632,16,0,0,0,539363346,0,0,0,0,0,0,0,0,3585343489,2,5,0,30121,2511,16,0,0,0,539363346,0,0,0,0,0,0,0,0,3585343489,1,7,1,49782,5652,108,0,0,1,539363346,5,0,1,52,0,0,0,0,3585343489,2,5,0,48323,4028,57,0,0,0,539363346,0,0,0,0,0,0,0,0,,,,,,,,,,,,,,,,,,,,,,,,,,,,,,,,,,,,,,,1,c1:51 writes,OK
shipfix2,94,2026-08-30T21:14:45Z,10000000,1,0.5,0,"1,2",0,1,1,495.7,,1,254.1,,0,0,1,0,3585343489,1,5,0,31580,2632,16,0,0,0,539363346,0,0,0,0,0,0,0,0,3585343489,2,5,0,30122,2511,16,0,0,0,539363346,0,0,0,0,0,0,0,0,3585343489,1,7,1,49789,5652,108,0,0,1,539363346,5,0,1,56,0,0,0,0,3585343489,2,5,0,48331,4028,57,0,0,0,539363346,0,0,0,0,0,0,0,0,,,,,,,,,,,,,,,,,,,,,,,,,,,,,,,,,,,,,,,1,c1:51 writes,OK
shipfix2,95,2026-08-30T21:14:54Z,10000000,1,0.5,0,"1,2",0,1,1,495.7,,1,254.1,,0,0,1,0,3585343489,1,5,0,31580,2633,16,0,0,0,539363346,0,0,0,0,0,0,0,0,3585343489,2,5,0,30122,2511,16,0,0,0,539363346,0,0,0,0,0,0,0,0,3585343489,1,7,1,49787,5652,108,0,0,1,539363346,5,0,1,56,0,0,0,0,3585343489,2,5,0,48329,4028,57,0,0,0,539363346,0,0,0,0,0,0,0,0,,,,,,,,,,,,,,,,,,,,,,,,,,,,,,,,,,,,,,,1,c1:51 writes,OK
shipfix2,96,2026-08-30T21:15:03Z,10000000,1,0.5,0,"1,2",0,1,1,495.7,,1,254.2,,0,0,1,0,3585343489,1,5,0,31580,2632,16,0,0,0,539363346,0,0,0,0,0,0,0,0,3585343489,2,5,0,30121,2511,16,0,0,0,539363346,0,0,0,0,0,0,0,0,3585343489,1,7,1,49791,5652,108,0,0,1,539363346,5,0,1,56,0,0,0,0,3585343489,2,5,0,48331,4028,57,0,0,0,539363346,0,0,0,0,0,0,0,0,,,,,,,,,,,,,,,,,,,,,,,,,,,,,,,,,,,,,,,1,c1:51 writes,OK
shipfix2,97,2026-08-30T21:15:13Z,10000000,1,0.5,0,"1,2",0,1,1,495.7,,1,254.1,,0,0,1,0,3585343489,1,5,0,31579,2632,16,0,0,0,539363346,0,0,0,0,0,0,0,0,3585343489,2,5,0,30121,2511,16,0,0,0,539363346,0,0,0,0,0,0,0,0,3585343489,1,7,1,49788,5652,108,0,0,1,539363346,5,0,1,56,0,0,0,0,3585343489,2,5,0,48330,4028,57,0,0,0,539363346,0,0,0,0,0,0,0,0,,,,,,,,,,,,,,,,,,,,,,,,,,,,,,,,,,,,,,,1,c1:51 writes,OK
shipfix2,98,2026-08-30T21:15:22Z,10000000,1,0.5,0,"1,2",0,1,1,495.6,,1,254.1,,0,0,1,0,3585343489,1,5,0,31579,2632,16,0,0,0,539363346,0,0,0,0,0,0,0,0,3585343489,2,5,0,30121,2511,16,0,0,0,539363346,0,0,0,0,0,0,0,0,3585343489,1,7,1,49788,5652,108,0,0,1,539363346,5,0,1,52,0,0,0,0,3585343489,2,5,0,48330,4028,57,0,0,0,539363346,0,0,0,0,0,0,0,0,,,,,,,,,,,,,,,,,,,,,,,,,,,,,,,,,,,,,,,1,c1:51 writes,OK
shipfix2,99,2026-08-30T21:15:31Z,10000000,1,0.5,0,"1,2",0,1,1,495.6,,1,254.2,,0,0,1,0,3585343489,1,5,0,31579,2632,16,0,0,0,539363346,0,0,0,0,0,0,0,0,3585343489,2,5,0,30121,2511,16,0,0,0,539363346,0,0,0,0,0,0,0,0,3585343489,1,7,1,49789,5652,108,0,0,1,539363346,5,0,1,52,0,0,0,0,3585343489,2,5,0,48330,4028,57,0,0,0,539363346,0,0,0,0,0,0,0,0,,,,,,,,,,,,,,,,,,,,,,,,,,,,,,,,,,,,,,,1,c1:51 writes,OK
shipfix2,100,2026-08-30T21:15:41Z,10000000,1,0.5,0,"1,2",0,1,1,495.7,,1,254.3,,0,0,1,0,3585343489,1,5,0,31581,2633,16,0,0,0,539363346,0,0,0,0,0,0,0,0,3585343489,2,5,0,30122,2511,16,0,0,0,539363346,0,0,0,0,0,0,0,0,3585343489,1,7,1,49792,5652,108,0,0,1,539363346,5,0,1,52,0,0,0,0,3585343489,2,5,0,48334,4029,57,0,0,0,539363346,0,0,0,0,0,0,0,0,,,,,,,,,,,,,,,,,,,,,,,,,,,,,,,,,,,,,,,1,c1:51 writes,OK
shipfix2,101,2026-08-30T21:15:50Z,10000000,1,0.5,0,"1,2",0,1,1,495.5,,1,254.0,,0,0,1,0,3585343489,1,5,0,31579,2632,16,0,0,0,539363346,0,0,0,0,0,0,0,0,3585343489,2,5,0,30121,2511,16,0,0,0,539363346,0,0,0,0,0,0,0,0,3585343489,1,7,1,49788,5652,108,0,0,1,539363346,5,0,1,52,0,0,0,0,3585343489,2,5,0,48331,4029,57,0,0,0,539363346,0,0,0,0,0,0,0,0,,,,,,,,,,,,,,,,,,,,,,,,,,,,,,,,,,,,,,,1,c1:51 writes,OK
shipfix2,102,2026-08-30T21:16:00Z,10000000,1,0.5,0,"1,2",0,1,1,495.8,,1,254.2,,0,0,1,0,3585343489,1,5,0,31580,2633,16,0,0,0,539363346,0,0,0,0,0,0,0,0,3585343489,2,5,0,30121,2511,16,0,0,0,539363346,0,0,0,0,0,0,0,0,3585343489,1,7,1,49790,5652,108,0,0,1,539363346,5,0,1,52,0,0,0,0,3585343489,2,5,0,48330,4028,57,0,0,0,539363346,0,0,0,0,0,0,0,0,,,,,,,,,,,,,,,,,,,,,,,,,,,,,,,,,,,,,,,1,c1:51 writes,OK
shipfix2,103,2026-08-30T21:16:09Z,10000000,1,0.5,0,"1,2",0,1,1,495.7,,1,254.1,,0,0,1,0,3585343489,1,5,0,31579,2632,16,0,0,0,539363346,0,0,0,0,0,0,0,0,3585343489,2,5,0,30121,2511,16,0,0,0,539363346,0,0,0,0,0,0,0,0,3585343489,1,7,1,49789,5652,108,0,0,1,539363346,5,0,1,52,0,0,0,0,3585343489,2,5,0,48332,4028,57,0,0,0,539363346,0,0,0,0,0,0,0,0,,,,,,,,,,,,,,,,,,,,,,,,,,,,,,,,,,,,,,,1,c1:51 writes,OK
shipfix2,104,2026-08-30T21:16:18Z,10000000,1,0.5,0,"1,2",0,1,1,495.7,,1,254.1,,0,0,1,0,3585343489,1,5,0,31579,2632,16,0,0,0,539363346,0,0,0,0,0,0,0,0,3585343489,2,5,0,30121,2511,16,0,0,0,539363346,0,0,0,0,0,0,0,0,3585343489,1,7,1,49784,5652,108,0,0,1,539363346,5,0,1,56,0,0,0,0,3585343489,2,5,0,48325,4028,57,0,0,0,539363346,0,0,0,0,0,0,0,0,,,,,,,,,,,,,,,,,,,,,,,,,,,,,,,,,,,,,,,1,c1:51 writes,OK
shipfix2,105,2026-08-30T21:16:28Z,10000000,1,0.5,0,"1,2",0,1,1,495.6,,1,254.1,,0,0,1,0,3585343489,1,5,0,31579,2633,16,0,0,0,539363346,0,0,0,0,0,0,0,0,3585343489,2,5,0,30124,2511,16,0,0,0,539363346,0,0,0,0,0,0,0,0,3585343489,1,7,1,49789,5652,108,0,0,1,539363346,5,0,1,56,0,0,0,0,3585343489,2,5,0,48331,4028,57,0,0,0,539363346,0,0,0,0,0,0,0,0,,,,,,,,,,,,,,,,,,,,,,,,,,,,,,,,,,,,,,,1,c1:51 writes,OK
shipfix2,106,2026-08-30T21:16:37Z,10000000,1,0.5,0,"1,2",0,1,1,495.7,,1,254.1,,0,0,1,0,3585343489,1,5,0,31579,2632,16,0,0,0,539363346,0,0,0,0,0,0,0,0,3585343489,2,5,0,30121,2511,16,0,0,0,539363346,0,0,0,0,0,0,0,0,3585343489,1,7,1,49789,5652,108,0,0,1,539363346,5,0,1,56,0,0,0,0,3585343489,2,5,0,48330,4028,57,0,0,0,539363346,0,0,0,0,0,0,0,0,,,,,,,,,,,,,,,,,,,,,,,,,,,,,,,,,,,,,,,1,c1:51 writes,OK
shipfix2,107,2026-08-30T21:16:46Z,10000000,1,0.5,0,"1,2",0,1,1,495.7,,1,254.1,,0,0,1,0,3585343489,1,5,0,31580,2633,16,0,0,0,539363346,0,0,0,0,0,0,0,0,3585343489,2,5,0,30121,2511,16,0,0,0,539363346,0,0,0,0,0,0,0,0,3585343489,1,7,1,49790,5652,108,0,0,1,539363346,5,0,1,52,0,0,0,0,3585343489,2,5,0,48332,4029,57,0,0,0,539363346,0,0,0,0,0,0,0,0,,,,,,,,,,,,,,,,,,,,,,,,,,,,,,,,,,,,,,,1,c1:51 writes,OK
shipfix2,108,2026-08-30T21:16:56Z,10000000,1,0.5,0,"1,2",0,1,1,495.7,,1,254.2,,0,0,1,0,3585343489,1,5,0,31580,2633,16,0,0,0,539363346,0,0,0,0,0,0,0,0,3585343489,2,5,0,30122,2511,16,0,0,0,539363346,0,0,0,0,0,0,0,0,3585343489,1,7,1,49786,5652,108,0,0,1,539363346,5,0,1,56,0,0,0,0,3585343489,2,5,0,48327,4028,57,0,0,0,539363346,0,0,0,0,0,0,0,0,,,,,,,,,,,,,,,,,,,,,,,,,,,,,,,,,,,,,,,1,c1:51 writes,OK
shipfix2,109,2026-08-30T21:17:05Z,10000000,1,0.5,0,"1,2",0,1,1,495.6,,1,254.1,,0,0,1,0,3585343489,1,5,0,31580,2633,16,0,0,0,539363346,0,0,0,0,0,0,0,0,3585343489,2,5,0,30121,2511,16,0,0,0,539363346,0,0,0,0,0,0,0,0,3585343489,1,7,1,49790,5652,108,0,0,1,539363346,5,0,1,56,0,0,0,0,3585343489,2,5,0,48332,4029,57,0,0,0,539363346,0,0,0,0,0,0,0,0,,,,,,,,,,,,,,,,,,,,,,,,,,,,,,,,,,,,,,,1,c1:51 writes,OK
shipfix2,110,2026-08-30T21:17:14Z,10000000,1,0.5,0,"1,2",0,1,1,495.7,,1,254.2,,0,0,1,0,3585343489,1,5,0,31581,2633,16,0,0,0,539363346,0,0,0,0,0,0,0,0,3585343489,2,5,0,30123,2511,16,0,0,0,539363346,0,0,0,0,0,0,0,0,3585343489,1,7,1,49791,5652,108,0,0,1,539363346,5,0,1,56,0,0,0,0,3585343489,2,5,0,48332,4029,57,0,0,0,539363346,0,0,0,0,0,0,0,0,,,,,,,,,,,,,,,,,,,,,,,,,,,,,,,,,,,,,,,1,c1:51 writes,OK
shipfix2,111,2026-08-30T21:17:24Z,10000000,1,0.5,0,"1,2",0,1,1,495.4,,1,254.0,,0,0,1,0,3585343489,1,5,0,31579,2632,16,0,0,0,539363346,0,0,0,0,0,0,0,0,3585343489,2,5,0,30123,2511,16,0,0,0,539363346,0,0,0,0,0,0,0,0,3585343489,1,7,1,49791,5652,108,0,0,1,539363346,5,0,1,56,0,0,0,0,3585343489,2,5,0,48335,4029,57,0,0,0,539363346,0,0,0,0,0,0,0,0,,,,,,,,,,,,,,,,,,,,,,,,,,,,,,,,,,,,,,,1,c1:51 writes,OK
shipfix2,112,2026-08-30T21:17:33Z,10000000,1,0.5,0,"1,2",0,1,1,495.5,,1,254.1,,0,0,1,0,3585343489,1,5,0,31579,2632,16,0,0,0,539363346,0,0,0,0,0,0,0,0,3585343489,2,5,0,30122,2511,16,0,0,0,539363346,0,0,0,0,0,0,0,0,3585343489,1,7,1,49789,5652,108,0,0,1,539363346,5,0,1,56,0,0,0,0,3585343489,2,5,0,48331,4028,57,0,0,0,539363346,0,0,0,0,0,0,0,0,,,,,,,,,,,,,,,,,,,,,,,,,,,,,,,,,,,,,,,1,c1:51 writes,OK
shipfix2,113,2026-08-30T21:17:43Z,10000000,1,0.5,0,"1,2",0,1,1,495.5,,1,254.0,,0,0,1,0,3585343489,1,5,0,31579,2632,16,0,0,0,539363346,0,0,0,0,0,0,0,0,3585343489,2,5,0,30121,2511,16,0,0,0,539363346,0,0,0,0,0,0,0,0,3585343489,1,7,1,49785,5652,108,0,0,1,539363346,5,0,1,52,0,0,0,0,3585343489,2,5,0,48328,4028,57,0,0,0,539363346,0,0,0,0,0,0,0,0,,,,,,,,,,,,,,,,,,,,,,,,,,,,,,,,,,,,,,,1,c1:51 writes,OK
shipfix2,114,2026-08-30T21:17:52Z,10000000,1,0.5,0,"1,2",0,1,1,495.7,,1,254.1,,0,0,1,0,3585343489,1,5,0,31580,2632,16,0,0,0,539363346,0,0,0,0,0,0,0,0,3585343489,2,5,0,30122,2511,16,0,0,0,539363346,0,0,0,0,0,0,0,0,3585343489,1,7,1,49790,5652,108,0,0,1,539363346,5,0,1,56,0,0,0,0,3585343489,2,5,0,48331,4028,57,0,0,0,539363346,0,0,0,0,0,0,0,0,,,,,,,,,,,,,,,,,,,,,,,,,,,,,,,,,,,,,,,1,c1:51 writes,OK
shipfix2,115,2026-08-30T21:18:01Z,10000000,1,0.5,0,"1,2",0,1,1,495.5,,1,254.0,,0,0,1,0,3585343489,1,5,0,31579,2632,16,0,0,0,539363346,0,0,0,0,0,0,0,0,3585343489,2,5,0,30120,2511,16,0,0,0,539363346,0,0,0,0,0,0,0,0,3585343489,1,7,1,49787,5652,108,0,0,1,539363346,5,0,1,56,0,0,0,0,3585343489,2,5,0,48329,4028,57,0,0,0,539363346,0,0,0,0,0,0,0,0,,,,,,,,,,,,,,,,,,,,,,,,,,,,,,,,,,,,,,,1,c1:51 writes,OK
shipfix2,116,2026-08-30T21:18:11Z,10000000,1,0.5,0,"1,2",0,1,1,495.8,,1,254.2,,0,0,1,0,3585343489,1,5,0,31579,2632,16,0,0,0,539363346,0,0,0,0,0,0,0,0,3585343489,2,5,0,30121,2511,16,0,0,0,539363346,0,0,0,0,0,0,0,0,3585343489,1,7,1,49790,5652,108,0,0,1,539363346,5,0,1,52,0,0,0,0,3585343489,2,5,0,48331,4028,57,0,0,0,539363346,0,0,0,0,0,0,0,0,,,,,,,,,,,,,,,,,,,,,,,,,,,,,,,,,,,,,,,1,c1:51 writes,OK
shipfix2,117,2026-08-30T21:18:20Z,10000000,1,0.5,0,"1,2",0,1,1,495.7,,1,254.2,,0,0,1,0,3585343489,1,5,0,31580,2633,16,0,0,0,539363346,0,0,0,0,0,0,0,0,3585343489,2,5,0,30122,2511,16,0,0,0,539363346,0,0,0,0,0,0,0,0,3585343489,1,7,1,49792,5653,108,0,0,1,539363346,5,0,1,56,0,0,0,0,3585343489,2,5,0,48334,4029,57,0,0,0,539363346,0,0,0,0,0,0,0,0,,,,,,,,,,,,,,,,,,,,,,,,,,,,,,,,,,,,,,,1,c1:51 writes,OK
shipfix2,118,2026-08-30T21:18:29Z,10000000,1,0.5,0,"1,2",0,1,1,495.6,,1,254.1,,0,0,1,0,3585343489,1,5,0,31579,2632,16,0,0,0,539363346,0,0,0,0,0,0,0,0,3585343489,2,5,0,30122,2511,16,0,0,0,539363346,0,0,0,0,0,0,0,0,3585343489,1,7,1,49788,5652,108,0,0,1,539363346,5,0,1,56,0,0,0,0,3585343489,2,5,0,48330,4028,57,0,0,0,539363346,0,0,0,0,0,0,0,0,,,,,,,,,,,,,,,,,,,,,,,,,,,,,,,,,,,,,,,1,c1:51 writes,OK
shipfix2,119,2026-08-30T21:18:39Z,10000000,1,0.5,0,"1,2",0,1,1,495.7,,1,254.1,,0,0,1,0,3585343489,1,5,0,31580,2633,16,0,0,0,539363346,0,0,0,0,0,0,0,0,3585343489,2,5,0,30122,2511,16,0,0,0,539363346,0,0,0,0,0,0,0,0,3585343489,1,7,1,49790,5652,108,0,0,1,539363346,5,0,1,52,0,0,0,0,3585343489,2,5,0,48332,4029,57,0,0,0,539363346,0,0,0,0,0,0,0,0,,,,,,,,,,,,,,,,,,,,,,,,,,,,,,,,,,,,,,,1,c1:51 writes,OK
shipfix2,120,2026-08-30T21:18:48Z,10000000,1,0.5,0,"1,2",0,1,1,495.6,,1,254.1,,0,0,1,0,3585343489,1,5,0,31580,2633,16,0,0,0,539363346,0,0,0,0,0,0,0,0,3585343489,2,5,0,30122,2511,16,0,0,0,539363346,0,0,0,0,0,0,0,0,3585343489,1,7,1,49790,5652,108,0,0,1,539363346,5,0,1,52,0,0,0,0,3585343489,2,5,0,48331,4028,57,0,0,0,539363346,0,0,0,0,0,0,0,0,,,,,,,,,,,,,,,,,,,,,,,,,,,,,,,,,,,,,,,1,c1:51 writes,OK
shipfix2,121,2026-08-30T21:18:58Z,10000000,1,0.5,0,"1,2",0,1,1,495.6,,1,254.2,,0,0,1,0,3585343489,1,5,0,31579,2632,16,0,0,0,539363346,0,0,0,0,0,0,0,0,3585343489,2,5,0,30120,2511,16,0,0,0,539363346,0,0,0,0,0,0,0,0,3585343489,1,7,1,49788,5652,108,0,0,1,539363346,5,0,1,52,0,0,0,0,3585343489,2,5,0,48329,4028,57,0,0,0,539363346,0,0,0,0,0,0,0,0,,,,,,,,,,,,,,,,,,,,,,,,,,,,,,,,,,,,,,,1,c1:51 writes,OK
shipfix2,122,2026-08-30T21:19:07Z,10000000,1,0.5,0,"1,2",0,1,1,499.1,,1,254.2,,0,0,1,0,3585343489,1,5,0,31580,2633,16,0,0,0,539363346,0,0,0,0,0,0,0,0,3585343489,2,5,0,30122,2511,16,0,0,0,539363346,0,0,0,0,0,0,0,0,3585343489,1,7,1,49791,5652,108,0,0,1,539363346,5,0,1,56,0,0,0,0,3585343489,2,5,0,48332,4029,57,0,0,0,539363346,0,0,0,0,0,0,0,0,,,,,,,,,,,,,,,,,,,,,,,,,,,,,,,,,,,,,,,1,c1:51 writes,OK
shipfix2,123,2026-08-30T21:19:16Z,10000000,1,0.5,0,"1,2",0,1,1,495.6,,1,254.1,,0,0,1,0,3585343489,1,5,0,31579,2632,16,0,0,0,539363346,0,0,0,0,0,0,0,0,3585343489,2,5,0,30121,2511,16,0,0,0,539363346,0,0,0,0,0,0,0,0,3585343489,1,7,1,49791,5652,108,0,0,1,539363346,5,0,1,52,0,0,0,0,3585343489,2,5,0,48332,4029,57,0,0,0,539363346,0,0,0,0,0,0,0,0,,,,,,,,,,,,,,,,,,,,,,,,,,,,,,,,,,,,,,,1,c1:51 writes,OK
shipfix2,124,2026-08-30T21:19:26Z,10000000,1,0.5,0,"1,2",0,1,1,495.6,,1,254.1,,0,0,1,0,3585343489,1,5,0,31580,2632,16,0,0,0,539363346,0,0,0,0,0,0,0,0,3585343489,2,5,0,30122,2511,16,0,0,0,539363346,0,0,0,0,0,0,0,0,3585343489,1,7,1,49791,5652,108,0,0,1,539363346,5,0,1,52,0,0,0,0,3585343489,2,5,0,48333,4029,57,0,0,0,539363346,0,0,0,0,0,0,0,0,,,,,,,,,,,,,,,,,,,,,,,,,,,,,,,,,,,,,,,1,c1:51 writes,OK
shipfix2,125,2026-08-30T21:19:35Z,10000000,1,0.5,0,"1,2",0,1,1,495.6,,1,254.1,,0,0,1,0,3585343489,1,5,0,31579,2632,16,0,0,0,539363346,0,0,0,0,0,0,0,0,3585343489,2,5,0,30121,2511,16,0,0,0,539363346,0,0,0,0,0,0,0,0,3585343489,1,7,1,49790,5652,108,0,0,1,539363346,5,0,1,52,0,0,0,0,3585343489,2,5,0,48333,4029,57,0,0,0,539363346,0,0,0,0,0,0,0,0,,,,,,,,,,,,,,,,,,,,,,,,,,,,,,,,,,,,,,,1,c1:51 writes,OK
shipfix2,126,2026-08-30T21:19:44Z,10000000,1,0.5,0,"1,2",0,1,1,495.5,,1,254.2,,0,0,1,0,3585343489,1,5,0,31580,2633,16,0,0,0,539363346,0,0,0,0,0,0,0,0,3585343489,2,5,0,30121,2511,16,0,0,0,539363346,0,0,0,0,0,0,0,0,3585343489,1,7,1,49791,5652,108,0,0,1,539363346,5,0,1,52,0,0,0,0,3585343489,2,5,0,48332,4029,57,0,0,0,539363346,0,0,0,0,0,0,0,0,,,,,,,,,,,,,,,,,,,,,,,,,,,,,,,,,,,,,,,1,c1:51 writes,OK
shipfix2,127,2026-08-30T21:19:54Z,10000000,1,0.5,0,"1,2",0,1,1,495.5,,1,254.0,,0,0,1,0,3585343489,1,5,0,31579,2632,16,0,0,0,539363346,0,0,0,0,0,0,0,0,3585343489,2,5,0,30122,2511,16,0,0,0,539363346,0,0,0,0,0,0,0,0,3585343489,1,7,1,49789,5652,108,0,0,1,539363346,5,0,1,56,0,0,0,0,3585343489,2,5,0,48333,4029,57,0,0,0,539363346,0,0,0,0,0,0,0,0,,,,,,,,,,,,,,,,,,,,,,,,,,,,,,,,,,,,,,,1,c1:51 writes,OK
shipfix2,128,2026-08-30T21:20:03Z,10000000,1,0.5,0,"1,2",0,1,1,495.7,,1,254.2,,0,0,1,0,3585343489,1,5,0,31580,2633,16,0,0,0,539363346,0,0,0,0,0,0,0,0,3585343489,2,5,0,30122,2511,16,0,0,0,539363346,0,0,0,0,0,0,0,0,3585343489,1,7,1,49792,5652,108,0,0,1,539363346,5,0,1,56,0,0,0,0,3585343489,2,5,0,48334,4029,57,0,0,0,539363346,0,0,0,0,0,0,0,0,,,,,,,,,,,,,,,,,,,,,,,,,,,,,,,,,,,,,,,1,c1:51 writes,OK
shipfix2,129,2026-08-30T21:20:13Z,10000000,1,0.5,0,"1,2",0,1,1,495.5,,1,254.2,,0,0,1,0,3585343489,1,5,0,31579,2632,16,0,0,0,539363346,0,0,0,0,0,0,0,0,3585343489,2,5,0,30121,2511,16,0,0,0,539363346,0,0,0,0,0,0,0,0,3585343489,1,7,1,49789,5652,108,0,0,1,539363346,5,0,1,56,0,0,0,0,3585343489,2,5,0,48330,4028,57,0,0,0,539363346,0,0,0,0,0,0,0,0,,,,,,,,,,,,,,,,,,,,,,,,,,,,,,,,,,,,,,,1,c1:51 writes,OK
shipfix2,130,2026-08-30T21:20:22Z,10000000,1,0.5,0,"1,2",0,1,1,495.6,,1,254.1,,0,0,1,0,3585343489,1,5,0,31579,2632,16,0,0,0,539363346,0,0,0,0,0,0,0,0,3585343489,2,5,0,30122,2511,16,0,0,0,539363346,0,0,0,0,0,0,0,0,3585343489,1,7,1,49780,5651,108,0,0,1,539363346,5,0,1,52,0,0,0,0,3585343489,2,5,0,48321,4028,57,0,0,0,539363346,0,0,0,0,0,0,0,0,,,,,,,,,,,,,,,,,,,,,,,,,,,,,,,,,,,,,,,1,c1:51 writes,OK
shipfix2,131,2026-08-30T21:20:31Z,10000000,1,0.5,0,"1,2",0,1,1,495.7,,1,254.2,,0,0,1,0,3585343489,1,5,0,31579,2632,16,0,0,0,539363346,0,0,0,0,0,0,0,0,3585343489,2,5,0,30120,2511,16,0,0,0,539363346,0,0,0,0,0,0,0,0,3585343489,1,7,1,49788,5652,108,0,0,1,539363346,5,0,1,56,0,0,0,0,3585343489,2,5,0,48329,4028,57,0,0,0,539363346,0,0,0,0,0,0,0,0,,,,,,,,,,,,,,,,,,,,,,,,,,,,,,,,,,,,,,,1,c1:51 writes,OK
shipfix2,132,2026-08-30T21:20:41Z,10000000,1,0.5,0,"1,2",0,1,1,495.7,,1,254.2,,0,0,1,0,3585343489,1,5,0,31580,2633,16,0,0,0,539363346,0,0,0,0,0,0,0,0,3585343489,2,5,0,30121,2511,16,0,0,0,539363346,0,0,0,0,0,0,0,0,3585343489,1,7,1,49790,5652,108,0,0,1,539363346,5,0,1,52,0,0,0,0,3585343489,2,5,0,48331,4028,57,0,0,0,539363346,0,0,0,0,0,0,0,0,,,,,,,,,,,,,,,,,,,,,,,,,,,,,,,,,,,,,,,1,c1:51 writes,OK
shipfix2,133,2026-08-30T21:20:50Z,10000000,1,0.5,0,"1,2",0,1,1,495.6,,1,254.1,,0,0,1,0,3585343489,1,5,0,31579,2632,16,0,0,0,539363346,0,0,0,0,0,0,0,0,3585343489,2,5,0,30121,2511,16,0,0,0,539363346,0,0,0,0,0,0,0,0,3585343489,1,7,1,49789,5652,108,0,0,1,539363346,5,0,1,51,0,0,0,0,3585343489,2,5,0,48330,4028,57,0,0,0,539363346,0,0,0,0,0,0,0,0,,,,,,,,,,,,,,,,,,,,,,,,,,,,,,,,,,,,,,,1,c1:51 writes,OK
shipfix2,134,2026-08-30T21:20:59Z,10000000,1,0.5,0,"1,2",0,1,1,495.6,,1,254.1,,0,0,1,0,3585343489,1,5,0,31579,2632,16,0,0,0,539363346,0,0,0,0,0,0,0,0,3585343489,2,5,0,30121,2511,16,0,0,0,539363346,0,0,0,0,0,0,0,0,3585343489,1,7,1,49788,5652,108,0,0,1,539363346,5,0,1,56,0,0,0,0,3585343489,2,5,0,48329,4028,57,0,0,0,539363346,0,0,0,0,0,0,0,0,,,,,,,,,,,,,,,,,,,,,,,,,,,,,,,,,,,,,,,1,c1:51 writes,OK
shipfix2,135,2026-08-30T21:21:09Z,10000000,1,0.5,0,"1,2",0,1,1,495.7,,1,254.1,,0,0,1,0,3585343489,1,5,0,31579,2632,16,0,0,0,539363346,0,0,0,0,0,0,0,0,3585343489,2,5,0,30122,2511,16,0,0,0,539363346,0,0,0,0,0,0,0,0,3585343489,1,7,1,49790,5652,108,0,0,1,539363346,5,0,1,53,0,0,0,0,3585343489,2,5,0,48332,4029,57,0,0,0,539363346,0,0,0,0,0,0,0,0,,,,,,,,,,,,,,,,,,,,,,,,,,,,,,,,,,,,,,,1,c1:51 writes,OK
shipfix2,136,2026-08-30T21:21:18Z,10000000,1,0.5,0,"1,2",0,1,1,495.7,,1,254.1,,0,0,1,0,3585343489,1,5,0,31579,2632,16,0,0,0,539363346,0,0,0,0,0,0,0,0,3585343489,2,5,0,30122,2511,16,0,0,0,539363346,0,0,0,0,0,0,0,0,3585343489,1,7,1,49790,5652,108,0,0,1,539363346,5,0,1,56,0,0,0,0,3585343489,2,5,0,48331,4028,57,0,0,0,539363346,0,0,0,0,0,0,0,0,,,,,,,,,,,,,,,,,,,,,,,,,,,,,,,,,,,,,,,1,c1:51 writes,OK
shipfix2,137,2026-08-30T21:21:28Z,10000000,1,0.5,0,"1,2",0,1,1,495.6,,1,254.1,,0,0,1,0,3585343489,1,5,0,31579,2632,16,0,0,0,539363346,0,0,0,0,0,0,0,0,3585343489,2,5,0,30121,2511,16,0,0,0,539363346,0,0,0,0,0,0,0,0,3585343489,1,7,1,49789,5652,108,0,0,1,539363346,5,0,1,52,0,0,0,0,3585343489,2,5,0,48330,4028,57,0,0,0,539363346,0,0,0,0,0,0,0,0,,,,,,,,,,,,,,,,,,,,,,,,,,,,,,,,,,,,,,,1,c1:51 writes,OK
shipfix2,138,2026-08-30T21:21:37Z,10000000,1,0.5,0,"1,2",0,1,1,495.5,,1,254.0,,0,0,1,0,3585343489,1,5,0,31579,2632,16,0,0,0,539363346,0,0,0,0,0,0,0,0,3585343489,2,5,0,30122,2511,16,0,0,0,539363346,0,0,0,0,0,0,0,0,3585343489,1,7,1,49789,5652,108,0,0,1,539363346,5,0,1,52,0,0,0,0,3585343489,2,5,0,48331,4028,57,0,0,0,539363346,0,0,0,0,0,0,0,0,,,,,,,,,,,,,,,,,,,,,,,,,,,,,,,,,,,,,,,1,c1:51 writes,OK
shipfix2,139,2026-08-30T21:21:46Z,10000000,1,0.5,0,"1,2",0,1,1,495.7,,1,254.2,,0,0,1,0,3585343489,1,5,0,31579,2632,16,0,0,0,539363346,0,0,0,0,0,0,0,0,3585343489,2,5,0,30121,2511,16,0,0,0,539363346,0,0,0,0,0,0,0,0,3585343489,1,7,1,49789,5652,108,0,0,1,539363346,5,0,1,52,0,0,0,0,3585343489,2,5,0,48330,4028,57,0,0,0,539363346,0,0,0,0,0,0,0,0,,,,,,,,,,,,,,,,,,,,,,,,,,,,,,,,,,,,,,,1,c1:51 writes,OK
shipfix2,140,2026-08-30T21:21:56Z,10000000,1,0.5,0,"1,2",0,1,1,495.6,,1,254.3,,0,0,1,0,3585343489,1,5,0,31581,2633,16,0,0,0,539363346,0,0,0,0,0,0,0,0,3585343489,2,5,0,30122,2511,16,0,0,0,539363346,0,0,0,0,0,0,0,0,3585343489,1,7,1,49792,5653,108,0,0,1,539363346,5,0,1,56,0,0,0,0,3585343489,2,5,0,48333,4029,57,0,0,0,539363346,0,0,0,0,0,0,0,0,,,,,,,,,,,,,,,,,,,,,,,,,,,,,,,,,,,,,,,1,c1:51 writes,OK
shipfix2,141,2026-08-30T21:22:05Z,10000000,1,0.5,0,"1,2",0,1,1,495.6,,1,254.1,,0,0,1,0,3585343489,1,5,0,31580,2633,16,0,0,0,539363346,0,0,0,0,0,0,0,0,3585343489,2,5,0,30123,2511,16,0,0,0,539363346,0,0,0,0,0,0,0,0,3585343489,1,7,1,49792,5652,108,0,0,1,539363346,5,0,1,56,0,0,0,0,3585343489,2,5,0,48333,4029,57,0,0,0,539363346,0,0,0,0,0,0,0,0,,,,,,,,,,,,,,,,,,,,,,,,,,,,,,,,,,,,,,,1,c1:51 writes,OK
shipfix2,142,2026-08-30T21:22:14Z,10000000,1,0.5,0,"1,2",0,1,1,495.7,,1,254.1,,0,0,1,0,3585343489,1,5,0,31579,2632,16,0,0,0,539363346,0,0,0,0,0,0,0,0,3585343489,2,5,0,30121,2511,16,0,0,0,539363346,0,0,0,0,0,0,0,0,3585343489,1,7,1,49784,5652,108,0,0,1,539363346,5,0,1,52,0,0,0,0,3585343489,2,5,0,48325,4028,57,0,0,0,539363346,0,0,0,0,0,0,0,0,,,,,,,,,,,,,,,,,,,,,,,,,,,,,,,,,,,,,,,1,c1:51 writes,OK
shipfix2,143,2026-08-30T21:22:24Z,10000000,1,0.5,0,"1,2",0,1,1,495.4,,1,254.0,,0,0,1,0,3585343489,1,5,0,31579,2632,16,0,0,0,539363346,0,0,0,0,0,0,0,0,3585343489,2,5,0,30121,2511,16,0,0,0,539363346,0,0,0,0,0,0,0,0,3585343489,1,7,1,49788,5652,108,0,0,1,539363346,5,0,1,56,0,0,0,0,3585343489,2,5,0,48330,4028,57,0,0,0,539363346,0,0,0,0,0,0,0,0,,,,,,,,,,,,,,,,,,,,,,,,,,,,,,,,,,,,,,,1,c1:51 writes,OK
shipfix2,144,2026-08-30T21:22:33Z,10000000,1,0.5,0,"1,2",0,1,1,495.5,,1,254.1,,0,0,1,0,3585343489,1,5,0,31579,2632,16,0,0,0,539363346,0,0,0,0,0,0,0,0,3585343489,2,5,0,30121,2511,16,0,0,0,539363346,0,0,0,0,0,0,0,0,3585343489,1,7,1,49789,5652,108,0,0,1,539363346,5,0,1,52,0,0,0,0,3585343489,2,5,0,48330,4028,57,0,0,0,539363346,0,0,0,0,0,0,0,0,,,,,,,,,,,,,,,,,,,,,,,,,,,,,,,,,,,,,,,1,c1:51 writes,OK
shipfix2,145,2026-08-30T21:22:43Z,10000000,1,0.5,0,"1,2",0,1,1,495.5,,1,254.0,,0,0,1,0,3585343489,1,5,0,31578,2632,16,0,0,0,539363346,0,0,0,0,0,0,0,0,3585343489,2,5,0,30120,2511,16,0,0,0,539363346,0,0,0,0,0,0,0,0,3585343489,1,7,1,49787,5652,108,0,0,1,539363346,5,0,1,52,0,0,0,0,3585343489,2,5,0,48329,4028,57,0,0,0,539363346,0,0,0,0,0,0,0,0,,,,,,,,,,,,,,,,,,,,,,,,,,,,,,,,,,,,,,,1,c1:51 writes,OK
shipfix2,146,2026-08-30T21:22:52Z,10000000,1,0.5,0,"1,2",0,1,1,495.5,,1,254.0,,0,0,1,0,3585343489,1,5,0,31579,2632,16,0,0,0,539363346,0,0,0,0,0,0,0,0,3585343489,2,5,0,30122,2511,16,0,0,0,539363346,0,0,0,0,0,0,0,0,3585343489,1,7,1,49790,5652,108,0,0,1,539363346,5,0,1,56,0,0,0,0,3585343489,2,5,0,48333,4029,57,0,0,0,539363346,0,0,0,0,0,0,0,0,,,,,,,,,,,,,,,,,,,,,,,,,,,,,,,,,,,,,,,1,c1:51 writes,OK
shipfix2,147,2026-08-30T21:23:01Z,10000000,1,0.5,0,"1,2",0,1,1,495.6,,1,254.0,,0,0,1,0,3585343489,1,5,0,31578,2632,16,0,0,0,539363346,0,0,0,0,0,0,0,0,3585343489,2,5,0,30121,2511,16,0,0,0,539363346,0,0,0,0,0,0,0,0,3585343489,1,7,1,49788,5652,108,0,0,1,539363346,5,0,1,56,0,0,0,0,3585343489,2,5,0,48330,4028,57,0,0,0,539363346,0,0,0,0,0,0,0,0,,,,,,,,,,,,,,,,,,,,,,,,,,,,,,,,,,,,,,,1,c1:51 writes,OK
shipfix2,148,2026-08-30T21:23:11Z,10000000,1,0.5,0,"1,2",0,1,1,495.6,,1,254.2,,0,0,1,0,3585343489,1,5,0,31580,2633,16,0,0,0,539363346,0,0,0,0,0,0,0,0,3585343489,2,5,0,30121,2511,16,0,0,0,539363346,0,0,0,0,0,0,0,0,3585343489,1,7,1,49790,5652,108,0,0,1,539363346,5,0,1,56,0,0,0,0,3585343489,2,5,0,48332,4028,57,0,0,0,539363346,0,0,0,0,0,0,0,0,,,,,,,,,,,,,,,,,,,,,,,,,,,,,,,,,,,,,,,1,c1:51 writes,OK
shipfix2,149,2026-08-30T21:23:20Z,10000000,1,0.5,0,"1,2",0,1,1,495.7,,1,254.2,,0,0,1,0,3585343489,1,5,0,31580,2633,16,0,0,0,539363346,0,0,0,0,0,0,0,0,3585343489,2,5,0,30122,2511,16,0,0,0,539363346,0,0,0,0,0,0,0,0,3585343489,1,7,1,49783,5652,108,0,0,1,539363346,5,0,1,51,0,0,0,0,3585343489,2,5,0,48325,4028,57,0,0,0,539363346,0,0,0,0,0,0,0,0,,,,,,,,,,,,,,,,,,,,,,,,,,,,,,,,,,,,,,,1,c1:51 writes,OK
shipfix2,150,2026-08-30T21:23:29Z,10000000,1,0.5,0,"1,2",0,1,1,495.6,,1,254.2,,0,0,1,0,3585343489,1,5,0,31579,2632,16,0,0,0,539363346,0,0,0,0,0,0,0,0,3585343489,2,5,0,30121,2511,16,0,0,0,539363346,0,0,0,0,0,0,0,0,3585343489,1,7,1,49791,5652,108,0,0,1,539363346,5,0,1,56,0,0,0,0,3585343489,2,5,0,48333,4029,57,0,0,0,539363346,0,0,0,0,0,0,0,0,,,,,,,,,,,,,,,,,,,,,,,,,,,,,,,,,,,,,,,1,c1:51 writes,OK
shipfix2,151,2026-08-30T21:23:39Z,10000000,1,0.5,0,"1,2",0,1,1,495.7,,1,254.1,,0,0,1,0,3585343489,1,5,0,31579,2632,16,0,0,0,539363346,0,0,0,0,0,0,0,0,3585343489,2,5,0,30122,2511,16,0,0,0,539363346,0,0,0,0,0,0,0,0,3585343489,1,7,1,49790,5652,108,0,0,1,539363346,5,0,1,52,0,0,0,0,3585343489,2,5,0,48331,4028,57,0,0,0,539363346,0,0,0,0,0,0,0,0,,,,,,,,,,,,,,,,,,,,,,,,,,,,,,,,,,,,,,,1,c1:51 writes,OK
shipfix2,152,2026-08-30T21:23:48Z,10000000,1,0.5,0,"1,2",0,1,1,495.7,,1,254.2,,0,0,1,0,3585343489,1,5,0,31580,2633,16,0,0,0,539363346,0,0,0,0,0,0,0,0,3585343489,2,5,0,30122,2511,16,0,0,0,539363346,0,0,0,0,0,0,0,0,3585343489,1,7,1,49792,5652,108,0,0,1,539363346,5,0,1,52,0,0,0,0,3585343489,2,5,0,48333,4029,57,0,0,0,539363346,0,0,0,0,0,0,0,0,,,,,,,,,,,,,,,,,,,,,,,,,,,,,,,,,,,,,,,1,c1:51 writes,OK
shipfix2,153,2026-08-30T21:23:58Z,10000000,1,0.5,0,"1,2",0,1,1,495.5,,1,254.0,,0,0,1,0,3585343489,1,5,0,31579,2632,16,0,0,0,539363346,0,0,0,0,0,0,0,0,3585343489,2,5,0,30121,2511,16,0,0,0,539363346,0,0,0,0,0,0,0,0,3585343489,1,7,1,49787,5652,108,0,0,1,539363346,5,0,1,52,0,0,0,0,3585343489,2,5,0,48329,4028,57,0,0,0,539363346,0,0,0,0,0,0,0,0,,,,,,,,,,,,,,,,,,,,,,,,,,,,,,,,,,,,,,,1,c1:51 writes,OK
shipfix2,154,2026-08-30T21:24:07Z,10000000,1,0.5,0,"1,2",0,1,1,495.6,,1,254.0,,0,0,1,0,3585343489,1,5,0,31578,2632,16,0,0,0,539363346,0,0,0,0,0,0,0,0,3585343489,2,5,0,30121,2511,16,0,0,0,539363346,0,0,0,0,0,0,0,0,3585343489,1,7,1,49788,5652,108,0,0,1,539363346,5,0,1,56,0,0,0,0,3585343489,2,5,0,48330,4028,57,0,0,0,539363346,0,0,0,0,0,0,0,0,,,,,,,,,,,,,,,,,,,,,,,,,,,,,,,,,,,,,,,1,c1:51 writes,OK
shipfix2,155,2026-08-30T21:24:16Z,10000000,1,0.5,0,"1,2",0,1,1,495.5,,1,254.1,,0,0,1,0,3585343489,1,5,0,31579,2632,16,0,0,0,539363346,0,0,0,0,0,0,0,0,3585343489,2,5,0,30120,2511,16,0,0,0,539363346,0,0,0,0,0,0,0,0,3585343489,1,7,1,49787,5652,108,0,0,1,539363346,5,0,1,56,0,0,0,0,3585343489,2,5,0,48329,4028,57,0,0,0,539363346,0,0,0,0,0,0,0,0,,,,,,,,,,,,,,,,,,,,,,,,,,,,,,,,,,,,,,,1,c1:51 writes,OK
shipfix2,156,2026-08-30T21:24:26Z,10000000,1,0.5,0,"1,2",0,1,1,495.6,,1,254.1,,0,0,1,0,3585343489,1,5,0,31579,2632,16,0,0,0,539363346,0,0,0,0,0,0,0,0,3585343489,2,5,0,30121,2511,16,0,0,0,539363346,0,0,0,0,0,0,0,0,3585343489,1,7,1,49791,5652,108,0,0,1,539363346,5,0,1,56,0,0,0,0,3585343489,2,5,0,48332,4029,57,0,0,0,539363346,0,0,0,0,0,0,0,0,,,,,,,,,,,,,,,,,,,,,,,,,,,,,,,,,,,,,,,1,c1:51 writes,OK
shipfix2,157,2026-08-30T21:24:35Z,10000000,1,0.5,0,"1,2",0,1,1,495.6,,1,254.1,,0,0,1,0,3585343489,1,5,0,31579,2632,16,0,0,0,539363346,0,0,0,0,0,0,0,0,3585343489,2,5,0,30120,2511,16,0,0,0,539363346,0,0,0,0,0,0,0,0,3585343489,1,7,1,49788,5652,108,0,0,1,539363346,5,0,1,52,0,0,0,0,3585343489,2,5,0,48331,4028,57,0,0,0,539363346,0,0,0,0,0,0,0,0,,,,,,,,,,,,,,,,,,,,,,,,,,,,,,,,,,,,,,,1,c1:51 writes,OK
shipfix2,158,2026-08-30T21:24:44Z,10000000,1,0.5,0,"1,2",0,1,1,495.7,,1,254.2,,0,0,1,0,3585343489,1,5,0,31580,2633,16,0,0,0,539363346,0,0,0,0,0,0,0,0,3585343489,2,5,0,30121,2511,16,0,0,0,539363346,0,0,0,0,0,0,0,0,3585343489,1,7,1,49789,5652,108,0,0,1,539363346,5,0,1,56,0,0,0,0,3585343489,2,5,0,48330,4028,57,0,0,0,539363346,0,0,0,0,0,0,0,0,,,,,,,,,,,,,,,,,,,,,,,,,,,,,,,,,,,,,,,1,c1:51 writes,OK
shipfix2,159,2026-08-30T21:24:54Z,10000000,1,0.5,0,"1,2",0,1,1,495.7,,1,254.1,,0,0,1,0,3585343489,1,5,0,31579,2632,16,0,0,0,539363346,0,0,0,0,0,0,0,0,3585343489,2,5,0,30121,2511,16,0,0,0,539363346,0,0,0,0,0,0,0,0,3585343489,1,7,1,49789,5652,108,0,0,1,539363346,5,0,1,52,0,0,0,0,3585343489,2,5,0,48331,4028,57,0,0,0,539363346,0,0,0,0,0,0,0,0,,,,,,,,,,,,,,,,,,,,,,,,,,,,,,,,,,,,,,,1,c1:51 writes,OK
shipfix2,160,2026-08-30T21:25:03Z,10000000,1,0.5,0,"1,2",0,1,1,495.7,,1,254.2,,0,0,1,0,3585343489,1,5,0,31581,2633,16,0,0,0,539363346,0,0,0,0,0,0,0,0,3585343489,2,5,0,30122,2511,16,0,0,0,539363346,0,0,0,0,0,0,0,0,3585343489,1,7,1,49791,5652,108,0,0,1,539363346,5,0,1,52,0,0,0,0,3585343489,2,5,0,48332,4029,57,0,0,0,539363346,0,0,0,0,0,0,0,0,,,,,,,,,,,,,,,,,,,,,,,,,,,,,,,,,,,,,,,1,c1:51 writes,OK
shipfix2,161,2026-08-30T21:25:13Z,10000000,1,0.5,0,"1,2",0,1,1,495.7,,1,254.2,,0,0,1,0,3585343489,1,5,0,31579,2632,16,0,0,0,539363346,0,0,0,0,0,0,0,0,3585343489,2,5,0,30121,2511,16,0,0,0,539363346,0,0,0,0,0,0,0,0,3585343489,1,7,1,49789,5652,108,0,0,1,539363346,5,0,1,56,0,0,0,0,3585343489,2,5,0,48330,4028,57,0,0,0,539363346,0,0,0,0,0,0,0,0,,,,,,,,,,,,,,,,,,,,,,,,,,,,,,,,,,,,,,,1,c1:51 writes,OK
shipfix2,162,2026-08-30T21:25:22Z,10000000,1,0.5,0,"1,2",0,1,1,495.6,,1,254.1,,0,0,1,0,3585343489,1,5,0,31579,2632,16,0,0,0,539363346,0,0,0,0,0,0,0,0,3585343489,2,5,0,30121,2511,16,0,0,0,539363346,0,0,0,0,0,0,0,0,3585343489,1,7,1,49788,5652,108,0,0,1,539363346,5,0,1,52,0,0,0,0,3585343489,2,5,0,48329,4028,57,0,0,0,539363346,0,0,0,0,0,0,0,0,,,,,,,,,,,,,,,,,,,,,,,,,,,,,,,,,,,,,,,1,c1:51 writes,OK
shipfix2,163,2026-08-30T21:25:31Z,10000000,1,0.5,0,"1,2",0,1,1,495.4,,1,254.1,,0,0,1,0,3585343489,1,5,0,31579,2632,16,0,0,0,539363346,0,0,0,0,0,0,0,0,3585343489,2,5,0,30121,2511,16,0,0,0,539363346,0,0,0,0,0,0,0,0,3585343489,1,7,1,49787,5652,108,0,0,1,539363346,5,0,1,56,0,0,0,0,3585343489,2,5,0,48330,4028,57,0,0,0,539363346,0,0,0,0,0,0,0,0,,,,,,,,,,,,,,,,,,,,,,,,,,,,,,,,,,,,,,,1,c1:51 writes,OK
shipfix2,164,2026-08-30T21:25:41Z,10000000,1,0.5,0,"1,2",0,1,1,495.6,,1,254.1,,0,0,1,0,3585343489,1,5,0,31580,2633,16,0,0,0,539363346,0,0,0,0,0,0,0,0,3585343489,2,5,0,30122,2511,16,0,0,0,539363346,0,0,0,0,0,0,0,0,3585343489,1,7,1,49789,5652,108,0,0,1,539363346,5,0,1,52,0,0,0,0,3585343489,2,5,0,48331,4028,57,0,0,0,539363346,0,0,0,0,0,0,0,0,,,,,,,,,,,,,,,,,,,,,,,,,,,,,,,,,,,,,,,1,c1:51 writes,OK
shipfix2,165,2026-08-30T21:25:50Z,10000000,1,0.5,0,"1,2",0,1,1,495.5,,1,254.2,,0,0,1,0,3585343489,1,5,0,31582,2633,16,0,0,0,539363346,0,0,0,0,0,0,0,0,3585343489,2,5,0,30124,2511,16,0,0,0,539363346,0,0,0,0,0,0,0,0,3585343489,1,7,1,49795,5653,108,0,0,1,539363346,5,0,1,56,0,0,0,0,3585343489,2,5,0,48336,4029,57,0,0,0,539363346,0,0,0,0,0,0,0,0,,,,,,,,,,,,,,,,,,,,,,,,,,,,,,,,,,,,,,,1,c1:51 writes,OK
shipfix2,166,2026-08-30T21:25:59Z,10000000,1,0.5,0,"1,2",0,1,1,495.6,,1,254.0,,0,0,1,0,3585343489,1,5,0,31579,2632,16,0,0,0,539363346,0,0,0,0,0,0,0,0,3585343489,2,5,0,30122,2511,16,0,0,0,539363346,0,0,0,0,0,0,0,0,3585343489,1,7,1,49790,5652,108,0,0,1,539363346,5,0,1,52,0,0,0,0,3585343489,2,5,0,48333,4029,57,0,0,0,539363346,0,0,0,0,0,0,0,0,,,,,,,,,,,,,,,,,,,,,,,,,,,,,,,,,,,,,,,1,c1:51 writes,OK
shipfix2,167,2026-08-30T21:26:09Z,10000000,1,0.5,0,"1,2",0,1,1,495.7,,1,254.1,,0,0,1,0,3585343489,1,5,0,31579,2632,16,0,0,0,539363346,0,0,0,0,0,0,0,0,3585343489,2,5,0,30122,2511,16,0,0,0,539363346,0,0,0,0,0,0,0,0,3585343489,1,7,1,49782,5652,108,0,0,1,539363346,5,0,1,51,0,0,0,0,3585343489,2,5,0,48324,4028,57,0,0,0,539363346,0,0,0,0,0,0,0,0,,,,,,,,,,,,,,,,,,,,,,,,,,,,,,,,,,,,,,,1,c1:51 writes,OK
shipfix2,168,2026-08-30T21:26:18Z,10000000,1,0.5,0,"1,2",0,1,1,495.7,,1,254.2,,0,0,1,0,3585343489,1,5,0,31579,2632,16,0,0,0,539363346,0,0,0,0,0,0,0,0,3585343489,2,5,0,30121,2511,16,0,0,0,539363346,0,0,0,0,0,0,0,0,3585343489,1,7,1,49790,5652,108,0,0,1,539363346,5,0,1,56,0,0,0,0,3585343489,2,5,0,48332,4028,57,0,0,0,539363346,0,0,0,0,0,0,0,0,,,,,,,,,,,,,,,,,,,,,,,,,,,,,,,,,,,,,,,1,c1:51 writes,OK
shipfix2,169,2026-08-30T21:26:27Z,10000000,1,0.5,0,"1,2",0,1,1,499.0,,1,254.1,,0,0,1,0,3585343489,1,5,0,31580,2633,16,0,0,0,539363346,0,0,0,0,0,0,0,0,3585343489,2,5,0,30121,2511,16,0,0,0,539363346,0,0,0,0,0,0,0,0,3585343489,1,7,1,49788,5652,108,0,0,1,539363346,5,0,1,56,0,0,0,0,3585343489,2,5,0,48330,4028,57,0,0,0,539363346,0,0,0,0,0,0,0,0,,,,,,,,,,,,,,,,,,,,,,,,,,,,,,,,,,,,,,,1,c1:51 writes,OK
shipfix2,170,2026-08-30T21:26:37Z,10000000,1,0.5,0,"1,2",0,1,1,495.7,,1,254.2,,0,0,1,0,3585343489,1,5,0,31580,2633,16,0,0,0,539363346,0,0,0,0,0,0,0,0,3585343489,2,5,0,30122,2511,16,0,0,0,539363346,0,0,0,0,0,0,0,0,3585343489,1,7,1,49791,5652,108,0,0,1,539363346,5,0,1,56,0,0,0,0,3585343489,2,5,0,48333,4029,57,0,0,0,539363346,0,0,0,0,0,0,0,0,,,,,,,,,,,,,,,,,,,,,,,,,,,,,,,,,,,,,,,1,c1:51 writes,OK
shipfix2,171,2026-08-30T21:26:46Z,10000000,1,0.5,0,"1,2",0,1,1,495.6,,1,254.2,,0,0,1,0,3585343489,1,5,0,31580,2632,16,0,0,0,539363346,0,0,0,0,0,0,0,0,3585343489,2,5,0,30121,2511,16,0,0,0,539363346,0,0,0,0,0,0,0,0,3585343489,1,7,1,49790,5652,108,0,0,1,539363346,5,0,1,56,0,0,0,0,3585343489,2,5,0,48332,4029,57,0,0,0,539363346,0,0,0,0,0,0,0,0,,,,,,,,,,,,,,,,,,,,,,,,,,,,,,,,,,,,,,,1,c1:51 writes,OK
shipfix2,172,2026-08-30T21:26:56Z,10000000,1,0.5,0,"1,2",0,1,1,495.7,,1,254.2,,0,0,1,0,3585343489,1,5,0,31580,2633,16,0,0,0,539363346,0,0,0,0,0,0,0,0,3585343489,2,5,0,30122,2511,16,0,0,0,539363346,0,0,0,0,0,0,0,0,3585343489,1,7,1,49791,5652,108,0,0,1,539363346,5,0,1,56,0,0,0,0,3585343489,2,5,0,48332,4029,57,0,0,0,539363346,0,0,0,0,0,0,0,0,,,,,,,,,,,,,,,,,,,,,,,,,,,,,,,,,,,,,,,1,c1:51 writes,OK
shipfix2,173,2026-08-30T21:27:05Z,10000000,1,0.5,0,"1,2",0,1,1,495.7,,1,254.1,,0,0,1,0,3585343489,1,5,0,31579,2632,16,0,0,0,539363346,0,0,0,0,0,0,0,0,3585343489,2,5,0,30121,2511,16,0,0,0,539363346,0,0,0,0,0,0,0,0,3585343489,1,7,1,49790,5652,108,0,0,1,539363346,5,0,1,52,0,0,0,0,3585343489,2,5,0,48333,4029,57,0,0,0,539363346,0,0,0,0,0,0,0,0,,,,,,,,,,,,,,,,,,,,,,,,,,,,,,,,,,,,,,,1,c1:51 writes,OK
shipfix2,174,2026-08-30T21:27:14Z,10000000,1,0.5,0,"1,2",0,1,1,495.7,,1,254.2,,0,0,1,0,3585343489,1,5,0,31579,2632,16,0,0,0,539363346,0,0,0,0,0,0,0,0,3585343489,2,5,0,30121,2511,16,0,0,0,539363346,0,0,0,0,0,0,0,0,3585343489,1,7,1,49789,5652,108,0,0,1,539363346,5,0,1,56,0,0,0,0,3585343489,2,5,0,48330,4028,57,0,0,0,539363346,0,0,0,0,0,0,0,0,,,,,,,,,,,,,,,,,,,,,,,,,,,,,,,,,,,,,,,1,c1:51 writes,OK
shipfix2,175,2026-08-30T21:27:24Z,10000000,1,0.5,0,"1,2",0,1,1,495.6,,1,254.1,,0,0,1,0,3585343489,1,5,0,31579,2632,16,0,0,0,539363346,0,0,0,0,0,0,0,0,3585343489,2,5,0,30121,2511,16,0,0,0,539363346,0,0,0,0,0,0,0,0,3585343489,1,7,1,49789,5652,108,0,0,1,539363346,5,0,1,56,0,0,0,0,3585343489,2,5,0,48331,4028,57,0,0,0,539363346,0,0,0,0,0,0,0,0,,,,,,,,,,,,,,,,,,,,,,,,,,,,,,,,,,,,,,,1,c1:51 writes,OK
shipfix2,176,2026-08-30T21:27:33Z,10000000,1,0.5,0,"1,2",0,1,1,495.7,,1,254.1,,0,0,1,0,3585343489,1,5,0,31580,2632,16,0,0,0,539363346,0,0,0,0,0,0,0,0,3585343489,2,5,0,30122,2511,16,0,0,0,539363346,0,0,0,0,0,0,0,0,3585343489,1,7,1,49785,5652,108,0,0,1,539363346,5,0,1,51,0,0,0,0,3585343489,2,5,0,48327,4028,57,0,0,0,539363346,0,0,0,0,0,0,0,0,,,,,,,,,,,,,,,,,,,,,,,,,,,,,,,,,,,,,,,1,c1:51 writes,OK
shipfix2,177,2026-08-30T21:27:42Z,10000000,1,0.5,0,"1,2",0,1,1,495.5,,1,254.1,,0,0,1,0,3585343489,1,5,0,31579,2632,16,0,0,0,539363346,0,0,0,0,0,0,0,0,3585343489,2,5,0,30121,2511,16,0,0,0,539363346,0,0,0,0,0,0,0,0,3585343489,1,7,1,49780,5651,108,0,0,1,539363346,5,0,1,52,0,0,0,0,3585343489,2,5,0,48322,4028,57,0,0,0,539363346,0,0,0,0,0,0,0,0,,,,,,,,,,,,,,,,,,,,,,,,,,,,,,,,,,,,,,,1,c1:51 writes,OK
shipfix2,178,2026-08-30T21:27:52Z,10000000,1,0.5,0,"1,2",0,1,1,495.5,,1,254.1,,0,0,1,0,3585343489,1,5,0,31579,2632,16,0,0,0,539363346,0,0,0,0,0,0,0,0,3585343489,2,5,0,30121,2511,16,0,0,0,539363346,0,0,0,0,0,0,0,0,3585343489,1,7,1,49789,5652,108,0,0,1,539363346,5,0,1,56,0,0,0,0,3585343489,2,5,0,48332,4029,57,0,0,0,539363346,0,0,0,0,0,0,0,0,,,,,,,,,,,,,,,,,,,,,,,,,,,,,,,,,,,,,,,1,c1:51 writes,OK
shipfix2,179,2026-08-30T21:28:01Z,10000000,1,0.5,0,"1,2",0,1,1,495.7,,1,254.2,,0,0,1,0,3585343489,1,5,0,31579,2632,16,0,0,0,539363346,0,0,0,0,0,0,0,0,3585343489,2,5,0,30120,2511,16,0,0,0,539363346,0,0,0,0,0,0,0,0,3585343489,1,7,1,49790,5652,108,0,0,1,539363346,5,0,1,52,0,0,0,0,3585343489,2,5,0,48331,4028,57,0,0,0,539363346,0,0,0,0,0,0,0,0,,,,,,,,,,,,,,,,,,,,,,,,,,,,,,,,,,,,,,,1,c1:51 writes,OK
shipfix2,180,2026-08-30T21:28:11Z,10000000,1,0.5,0,"1,2",0,1,1,495.8,,1,254.3,,0,0,1,0,3585343489,1,5,0,31581,2633,16,0,0,0,539363346,0,0,0,0,0,0,0,0,3585343489,2,5,0,30122,2511,16,0,0,0,539363346,0,0,0,0,0,0,0,0,3585343489,1,7,1,49793,5653,108,0,0,1,539363346,5,0,1,52,0,0,0,0,3585343489,2,5,0,48333,4029,57,0,0,0,539363346,0,0,0,0,0,0,0,0,,,,,,,,,,,,,,,,,,,,,,,,,,,,,,,,,,,,,,,1,c1:51 writes,OK
shipfix2,181,2026-08-30T21:28:20Z,10000000,1,0.5,0,"1,2",0,1,1,495.6,,1,254.1,,0,0,1,0,3585343489,1,5,0,31579,2632,16,0,0,0,539363346,0,0,0,0,0,0,0,0,3585343489,2,5,0,30121,2511,16,0,0,0,539363346,0,0,0,0,0,0,0,0,3585343489,1,7,1,49789,5652,108,0,0,1,539363346,5,0,1,56,0,0,0,0,3585343489,2,5,0,48332,4029,57,0,0,0,539363346,0,0,0,0,0,0,0,0,,,,,,,,,,,,,,,,,,,,,,,,,,,,,,,,,,,,,,,1,c1:51 writes,OK
shipfix2,182,2026-08-30T21:28:29Z,10000000,1,0.5,0,"1,2",0,1,1,495.5,,1,254.0,,0,0,1,0,3585343489,1,5,0,31579,2632,16,0,0,0,539363346,0,0,0,0,0,0,0,0,3585343489,2,5,0,30122,2511,16,0,0,0,539363346,0,0,0,0,0,0,0,0,3585343489,1,7,1,49790,5652,108,0,0,1,539363346,5,0,1,56,0,0,0,0,3585343489,2,5,0,48332,4029,57,0,0,0,539363346,0,0,0,0,0,0,0,0,,,,,,,,,,,,,,,,,,,,,,,,,,,,,,,,,,,,,,,1,c1:51 writes,OK
shipfix2,183,2026-08-30T21:28:39Z,10000000,1,0.5,0,"1,2",0,1,1,495.4,,1,254.0,,0,0,1,0,3585343489,1,5,0,31580,2633,16,0,0,0,539363346,0,0,0,0,0,0,0,0,3585343489,2,5,0,30122,2511,16,0,0,0,539363346,0,0,0,0,0,0,0,0,3585343489,1,7,1,49789,5652,108,0,0,1,539363346,5,0,1,56,0,0,0,0,3585343489,2,5,0,48331,4028,57,0,0,0,539363346,0,0,0,0,0,0,0,0,,,,,,,,,,,,,,,,,,,,,,,,,,,,,,,,,,,,,,,1,c1:51 writes,OK
shipfix2,184,2026-08-30T21:28:48Z,10000000,1,0.5,0,"1,2",0,1,1,495.5,,1,254.1,,0,0,1,0,3585343489,1,5,0,31579,2632,16,0,0,0,539363346,0,0,0,0,0,0,0,0,3585343489,2,5,0,30121,2511,16,0,0,0,539363346,0,0,0,0,0,0,0,0,3585343489,1,7,1,49786,5652,108,0,0,1,539363346,5,0,1,52,0,0,0,0,3585343489,2,5,0,48328,4028,57,0,0,0,539363346,0,0,0,0,0,0,0,0,,,,,,,,,,,,,,,,,,,,,,,,,,,,,,,,,,,,,,,1,c1:51 writes,OK
shipfix2,185,2026-08-30T21:28:57Z,10000000,1,0.5,0,"1,2",0,1,1,495.7,,1,254.1,,0,0,1,0,3585343489,1,5,0,31579,2632,16,0,0,0,539363346,0,0,0,0,0,0,0,0,3585343489,2,5,0,30120,2511,16,0,0,0,539363346,0,0,0,0,0,0,0,0,3585343489,1,7,1,49782,5652,108,0,0,1,539363346,5,0,1,52,0,0,0,0,3585343489,2,5,0,48324,4028,57,0,0,0,539363346,0,0,0,0,0,0,0,0,,,,,,,,,,,,,,,,,,,,,,,,,,,,,,,,,,,,,,,1,c1:51 writes,OK
shipfix2,186,2026-08-30T21:29:07Z,10000000,1,0.5,0,"1,2",0,1,1,495.5,,1,254.0,,0,0,1,0,3585343489,1,5,0,31579,2632,16,0,0,0,539363346,0,0,0,0,0,0,0,0,3585343489,2,5,0,30122,2511,16,0,0,0,539363346,0,0,0,0,0,0,0,0,3585343489,1,7,1,49790,5652,108,0,0,1,539363346,5,0,1,56,0,0,0,0,3585343489,2,5,0,48332,4029,57,0,0,0,539363346,0,0,0,0,0,0,0,0,,,,,,,,,,,,,,,,,,,,,,,,,,,,,,,,,,,,,,,1,c1:51 writes,OK
shipfix2,187,2026-08-30T21:29:16Z,10000000,1,0.5,0,"1,2",0,1,1,495.7,,1,254.1,,0,0,1,0,3585343489,1,5,0,31579,2632,16,0,0,0,539363346,0,0,0,0,0,0,0,0,3585343489,2,5,0,30121,2511,16,0,0,0,539363346,0,0,0,0,0,0,0,0,3585343489,1,7,1,49789,5652,108,0,0,1,539363346,5,0,1,56,0,0,0,0,3585343489,2,5,0,48331,4028,57,0,0,0,539363346,0,0,0,0,0,0,0,0,,,,,,,,,,,,,,,,,,,,,,,,,,,,,,,,,,,,,,,1,c1:51 writes,OK
shipfix2,188,2026-08-30T21:29:26Z,10000000,1,0.5,0,"1,2",0,1,1,495.7,,1,254.2,,0,0,1,0,3585343489,1,5,0,31580,2633,16,0,0,0,539363346,0,0,0,0,0,0,0,0,3585343489,2,5,0,30122,2511,16,0,0,0,539363346,0,0,0,0,0,0,0,0,3585343489,1,7,1,49790,5652,108,0,0,1,539363346,5,0,1,52,0,0,0,0,3585343489,2,5,0,48332,4028,57,0,0,0,539363346,0,0,0,0,0,0,0,0,,,,,,,,,,,,,,,,,,,,,,,,,,,,,,,,,,,,,,,1,c1:51 writes,OK
shipfix2,189,2026-08-30T21:29:35Z,10000000,1,0.5,0,"1,2",0,1,1,495.8,,1,254.2,,0,0,1,0,3585343489,1,5,0,31579,2632,16,0,0,0,539363346,0,0,0,0,0,0,0,0,3585343489,2,5,0,30121,2511,16,0,0,0,539363346,0,0,0,0,0,0,0,0,3585343489,1,7,1,49790,5652,108,0,0,1,539363346,5,0,1,52,0,0,0,0,3585343489,2,5,0,48332,4029,57,0,0,0,539363346,0,0,0,0,0,0,0,0,,,,,,,,,,,,,,,,,,,,,,,,,,,,,,,,,,,,,,,1,c1:51 writes,OK
shipfix2,190,2026-08-30T21:29:44Z,10000000,1,0.5,0,"1,2",0,1,1,495.5,,1,254.0,,0,0,1,0,3585343489,1,5,0,31579,2632,16,0,0,0,539363346,0,0,0,0,0,0,0,0,3585343489,2,5,0,30122,2511,16,0,0,0,539363346,0,0,0,0,0,0,0,0,3585343489,1,7,1,49789,5652,108,0,0,1,539363346,5,0,1,52,0,0,0,0,3585343489,2,5,0,48331,4028,57,0,0,0,539363346,0,0,0,0,0,0,0,0,,,,,,,,,,,,,,,,,,,,,,,,,,,,,,,,,,,,,,,1,c1:51 writes,OK
shipfix2,191,2026-08-30T21:29:54Z,10000000,1,0.5,0,"1,2",0,1,1,495.4,,1,254.1,,0,0,1,0,3585343489,1,5,0,31579,2632,16,0,0,0,539363346,0,0,0,0,0,0,0,0,3585343489,2,5,0,30120,2511,16,0,0,0,539363346,0,0,0,0,0,0,0,0,3585343489,1,7,1,49788,5652,108,0,0,1,539363346,5,0,1,56,0,0,0,0,3585343489,2,5,0,48330,4028,57,0,0,0,539363346,0,0,0,0,0,0,0,0,,,,,,,,,,,,,,,,,,,,,,,,,,,,,,,,,,,,,,,1,c1:51 writes,OK
shipfix2,192,2026-08-30T21:30:03Z,10000000,1,0.5,0,"1,2",0,1,1,495.5,,1,254.1,,0,0,1,0,3585343489,1,5,0,31579,2632,16,0,0,0,539363346,0,0,0,0,0,0,0,0,3585343489,2,5,0,30121,2511,16,0,0,0,539363346,0,0,0,0,0,0,0,0,3585343489,1,7,1,49788,5652,108,0,0,1,539363346,5,0,1,52,0,0,0,0,3585343489,2,5,0,48330,4028,57,0,0,0,539363346,0,0,0,0,0,0,0,0,,,,,,,,,,,,,,,,,,,,,,,,,,,,,,,,,,,,,,,1,c1:51 writes,OK
shipfix2,193,2026-08-30T21:30:12Z,10000000,1,0.5,0,"1,2",0,1,1,495.5,,1,254.1,,0,0,1,0,3585343489,1,5,0,31579,2632,16,0,0,0,539363346,0,0,0,0,0,0,0,0,3585343489,2,5,0,30121,2511,16,0,0,0,539363346,0,0,0,0,0,0,0,0,3585343489,1,7,1,49790,5652,108,0,0,1,539363346,5,0,1,56,0,0,0,0,3585343489,2,5,0,48332,4029,57,0,0,0,539363346,0,0,0,0,0,0,0,0,,,,,,,,,,,,,,,,,,,,,,,,,,,,,,,,,,,,,,,1,c1:51 writes,OK
shipfix2,194,2026-08-30T21:30:22Z,10000000,1,0.5,0,"1,2",0,1,1,495.6,,1,254.1,,0,0,1,0,3585343489,1,5,0,31579,2632,16,0,0,0,539363346,0,0,0,0,0,0,0,0,3585343489,2,5,0,30122,2511,16,0,0,0,539363346,0,0,0,0,0,0,0,0,,,,,,,,,,,,,,,,,,,,3585343489,2,5,0,48492,4042,57,0,0,0,539363346,0,0,0,0,0,0,0,0,3585343489,0,0,,,,,,,,,,,,,,,,,3585343489,2,5,0,138955,11580,98,0,0,0,539363346,0,0,0,0,0,0,0,0,1,c1:51 writes,WEDGE_LINK
shipfix2,195,2026-08-30T21:30:46Z,10000000,1,0.5,0,"1,2",0,1,1,495.6,,1,254.1,,0,0,1,0,3585343489,1,5,0,31579,2632,16,0,0,0,539363346,0,0,0,0,0,0,0,0,3585343489,2,5,0,30121,2511,16,0,0,0,539363346,0,0,0,0,0,0,0,0,3585343489,1,7,1,49790,5652,108,0,0,1,539363346,5,0,1,52,0,0,0,0,3585343489,2,5,0,48332,4029,57,0,0,0,539363346,0,0,0,0,0,0,0,0,,,,,,,,,,,,,,,,,,,,,,,,,,,,,,,,,,,,,,,1,c1:51 writes,OK
shipfix2,196,2026-08-30T21:30:56Z,10000000,1,0.5,0,"1,2",0,1,1,495.8,,1,254.3,,0,0,1,0,3585343489,1,5,0,31581,2633,16,0,0,0,539363346,0,0,0,0,0,0,0,0,3585343489,2,5,0,30121,2511,16,0,0,0,539363346,0,0,0,0,0,0,0,0,3585343489,1,7,1,49791,5652,108,0,0,1,539363346,5,0,1,51,0,0,0,0,3585343489,2,5,0,48331,4028,57,0,0,0,539363346,0,0,0,0,0,0,0,0,,,,,,,,,,,,,,,,,,,,,,,,,,,,,,,,,,,,,,,1,c1:51 writes,OK
shipfix2,197,2026-08-30T21:31:05Z,10000000,1,0.5,0,"1,2",0,1,1,495.6,,1,254.1,,0,0,1,0,3585343489,1,5,0,31579,2632,16,0,0,0,539363346,0,0,0,0,0,0,0,0,3585343489,2,5,0,30121,2511,16,0,0,0,539363346,0,0,0,0,0,0,0,0,3585343489,1,7,1,49789,5652,108,0,0,1,539363346,5,0,1,52,0,0,0,0,3585343489,2,5,0,48331,4028,57,0,0,0,539363346,0,0,0,0,0,0,0,0,,,,,,,,,,,,,,,,,,,,,,,,,,,,,,,,,,,,,,,1,c1:51 writes,OK
shipfix2,198,2026-08-30T21:31:14Z,10000000,1,0.5,0,"1,2",0,1,1,495.5,,1,254.1,,0,0,1,0,3585343489,1,5,0,31580,2633,16,0,0,0,539363346,0,0,0,0,0,0,0,0,3585343489,2,5,0,30122,2511,16,0,0,0,539363346,0,0,0,0,0,0,0,0,3585343489,1,7,1,49790,5652,108,0,0,1,539363346,5,0,1,52,0,0,0,0,3585343489,2,5,0,48331,4028,57,0,0,0,539363346,0,0,0,0,0,0,0,0,,,,,,,,,,,,,,,,,,,,,,,,,,,,,,,,,,,,,,,1,c1:51 writes,OK
shipfix2,199,2026-08-30T21:31:24Z,10000000,1,0.5,0,"1,2",0,1,1,495.5,,1,254.0,,0,0,1,0,3585343489,1,5,0,31579,2632,16,0,0,0,539363346,0,0,0,0,0,0,0,0,3585343489,2,5,0,30121,2511,16,0,0,0,539363346,0,0,0,0,0,0,0,0,3585343489,1,7,1,49789,5652,108,0,0,1,539363346,5,0,1,56,0,0,0,0,3585343489,2,5,0,48331,4028,57,0,0,0,539363346,0,0,0,0,0,0,0,0,,,,,,,,,,,,,,,,,,,,,,,,,,,,,,,,,,,,,,,1,c1:51 writes,OK
shipfix2,200,2026-08-30T21:31:33Z,10000000,1,0.5,0,"1,2",0,1,1,495.5,,1,254.1,,0,0,1,0,3585343489,1,5,0,31579,2632,16,0,0,0,539363346,0,0,0,0,0,0,0,0,3585343489,2,5,0,30121,2511,16,0,0,0,539363346,0,0,0,0,0,0,0,0,3585343489,1,7,1,49790,5652,108,0,0,1,539363346,5,0,1,52,0,0,0,0,3585343489,2,5,0,48332,4028,57,0,0,0,539363346,0,0,0,0,0,0,0,0,,,,,,,,,,,,,,,,,,,,,,,,,,,,,,,,,,,,,,,1,c1:51 writes,OK
