tag,cycle,ts,speed,spi_mode,post_reset,no_reset,order,sync,cfg_chips,boot1_ok,boot1_ms,boot1_err,boot2_ok,boot2_ms,boot2_err,rdy1_pre,rdy2_pre,rdy1_post,rdy2_post,pre1_magic,pre1_id,pre1_stage,pre1_cfg,pre1_frames,pre1_ticks,pre1_rx,pre1_err,pre1_drop,pre1_pid,pre1_build,pre2_magic,pre2_id,pre2_stage,pre2_cfg,pre2_frames,pre2_ticks,pre2_rx,pre2_err,pre2_drop,pre2_pid,pre2_build,post1_magic,post1_id,post1_stage,post1_cfg,post1_frames,post1_ticks,post1_rx,post1_err,post1_drop,post1_pid,post1_build,post2_magic,post2_id,post2_stage,post2_cfg,post2_frames,post2_ticks,post2_rx,post2_err,post2_drop,post2_pid,post2_build,rechk1_magic,rechk1_id,rechk1_stage,rechk1_cfg,rechk1_frames,rechk1_ticks,rechk1_rx,rechk1_err,rechk1_drop,rechk1_pid,rechk1_build,rechk2_magic,rechk2_id,rechk2_stage,rechk2_cfg,rechk2_frames,rechk2_ticks,rechk2_rx,rechk2_err,rechk2_drop,rechk2_pid,rechk2_build,cfg_ok,cfg_detail,verdict
base,1,2026-08-30T19:03:56Z,10000000,1,0.5,0,"1,2",0,1,1,492.1,,1,252.0,,0,0,1,1,3585343489,1,5,0,31797,2651,16,0,0,0,539363346,3585343489,1,5,0,31839,2654,2635,1066,0,538593664,539363346,3585343489,1,7,1,49958,5666,92,0,0,1,539363346,3585343489,1,5,0,50108,4177,2659,1066,0,538593664,539363346,,,,,,,,,,,,,,,,,,,,,,,1,c1:51 writes,OK
base,2,2026-08-30T19:04:06Z,10000000,1,0.5,0,"1,2",0,1,1,495.7,,1,254.1,,0,0,1,0,3585343489,1,5,0,31582,2633,16,0,0,0,539363346,3585343489,2,5,0,30100,2509,16,0,0,0,539363346,3585343489,1,7,1,49743,5648,92,0,0,1,539363346,3585343489,2,5,0,48260,4023,41,0,0,0,539363346,,,,,,,,,,,,,,,,,,,,,,,1,c1:51 writes,OK
base,3,2026-08-30T19:04:15Z,10000000,1,0.5,0,"1,2",0,1,1,495.5,,1,254.0,,0,0,1,0,3585343489,1,5,0,31580,2633,16,0,0,0,539363346,3585343489,2,5,0,30099,2509,16,0,0,0,539363346,3585343489,1,7,1,49736,5648,92,0,0,1,539363346,3585343489,2,5,0,48254,4022,41,0,0,0,539363346,,,,,,,,,,,,,,,,,,,,,,,1,c1:51 writes,OK
base,4,2026-08-30T19:04:25Z,10000000,1,0.5,0,"1,2",0,1,1,495.4,,1,254.1,,0,0,1,0,3585343489,1,5,0,31581,2633,16,0,0,0,539363346,3585343489,2,5,0,30099,2509,16,0,0,0,539363346,3585343489,1,7,1,49741,5648,92,0,0,1,539363346,3585343489,2,5,0,48259,4022,41,0,0,0,539363346,,,,,,,,,,,,,,,,,,,,,,,1,c1:51 writes,OK
base,5,2026-08-30T19:04:34Z,10000000,1,0.5,0,"1,2",0,1,1,495.4,,1,254.0,,0,0,1,0,3585343489,1,5,0,31581,2633,16,0,0,0,539363346,3585343489,2,5,0,30100,2509,16,0,0,0,539363346,3585343489,1,7,1,49742,5648,192,0,0,1,539363346,3585343489,2,5,0,48405,4035,41,0,0,0,539363346,,,,,,,,,,,,,,,,,,,,,,,1,c1:51 writes,OK
base,6,2026-08-30T19:04:43Z,10000000,1,0.5,0,"1,2",0,1,1,495.6,,1,254.1,,0,0,1,0,3585343489,1,5,0,31581,2633,16,0,0,0,539363346,3585343489,2,5,0,30099,2509,16,0,0,0,539363346,3585343489,1,7,1,49814,5660,142,0,0,1,539363346,3585343489,2,5,0,48331,4028,41,0,0,0,539363346,,,,,,,,,,,,,,,,,,,,,,,1,c1:51 writes,OK
base,7,2026-08-30T19:04:53Z,10000000,1,0.5,0,"1,2",0,1,1,495.5,,1,254.0,,0,0,1,0,3585343489,1,5,0,31581,2633,16,0,0,0,539363346,3585343489,2,5,0,30100,2509,16,0,0,0,539363346,3585343489,1,7,1,49741,5648,92,0,0,1,539363346,3585343489,2,5,0,48260,4022,41,0,0,0,539363346,,,,,,,,,,,,,,,,,,,,,,,1,c1:51 writes,OK
base,8,2026-08-30T19:05:02Z,10000000,1,0.5,0,"1,2",0,1,1,495.5,,1,254.0,,0,0,1,0,3585343489,1,5,0,31581,2633,16,0,0,0,539363346,3585343489,2,5,0,30099,2509,16,0,0,0,539363346,3585343489,1,7,1,49742,5648,92,0,0,1,539363346,3585343489,2,5,0,48261,4023,41,0,0,0,539363346,,,,,,,,,,,,,,,,,,,,,,,1,c1:51 writes,OK
base,9,2026-08-30T19:05:11Z,10000000,1,0.5,0,"1,2",0,1,1,495.6,,1,254.1,,0,0,1,0,3585343489,1,5,0,31581,2633,16,0,0,0,539363346,3585343489,2,5,0,30099,2509,16,0,0,0,539363346,3585343489,1,7,1,49742,5648,92,0,0,1,539363346,3585343489,2,5,0,48260,4023,41,0,0,0,539363346,,,,,,,,,,,,,,,,,,,,,,,1,c1:51 writes,OK
base,10,2026-08-30T19:05:21Z,10000000,1,0.5,0,"1,2",0,1,1,495.5,,1,254.1,,0,0,1,0,3585343489,1,5,0,31582,2633,16,0,0,0,539363346,3585343489,2,5,0,30100,2509,16,0,0,0,539363346,3585343489,1,7,1,49742,5648,92,0,0,1,539363346,3585343489,2,5,0,48259,4022,41,0,0,0,539363346,,,,,,,,,,,,,,,,,,,,,,,1,c1:51 writes,OK
base,11,2026-08-30T19:05:30Z,10000000,1,0.5,0,"1,2",0,1,1,495.8,,1,254.1,,0,0,1,0,3585343489,1,5,0,31582,2633,16,0,0,0,539363346,3585343489,2,5,0,30099,2509,16,0,0,0,539363346,3585343489,1,7,1,,,,,,,,3585343489,2,5,0,48455,4039,41,0,0,0,539363346,,,,,,,,,,,,,,,,,,,,,,,1,c1:51 writes,OK
base,12,2026-08-30T19:05:39Z,10000000,1,0.5,0,"1,2",0,1,1,495.6,,1,254.1,,0,0,1,0,3585343489,1,5,0,31581,2633,16,0,0,0,539363346,3585343489,2,5,0,30099,2509,16,0,0,0,539363346,3585343489,1,7,1,49741,5648,92,0,0,1,539363346,3585343489,2,5,0,48259,4022,41,0,0,0,539363346,,,,,,,,,,,,,,,,,,,,,,,1,c1:51 writes,OK
base,13,2026-08-30T19:05:49Z,10000000,1,0.5,0,"1,2",0,1,1,495.6,,1,254.1,,0,0,1,0,3585343489,1,5,0,31582,2633,16,0,0,0,539363346,3585343489,2,5,0,30100,2509,16,0,0,0,539363346,3585343489,1,7,1,49743,5648,92,0,0,1,539363346,3585343489,2,5,0,48261,4023,41,0,0,0,539363346,,,,,,,,,,,,,,,,,,,,,,,1,c1:51 writes,OK
base,14,2026-08-30T19:05:58Z,10000000,1,0.5,0,"1,2",0,1,1,495.6,,1,254.0,,0,0,1,0,3585343489,1,5,0,31581,2633,16,0,0,0,539363346,3585343489,2,5,0,30099,2509,16,0,0,0,539363346,3585343489,1,7,1,49813,5660,142,0,0,1,539363346,3585343489,2,5,0,48331,4028,41,0,0,0,539363346,,,,,,,,,,,,,,,,,,,,,,,1,c1:51 writes,OK
base,15,2026-08-30T19:06:08Z,10000000,1,0.5,0,"1,2",0,1,1,495.5,,1,254.0,,0,0,1,0,3585343489,1,5,0,31581,2633,16,0,0,0,539363346,3585343489,2,5,0,30099,2509,16,0,0,0,539363346,3585343489,1,7,1,49743,5648,92,0,0,1,539363346,3585343489,2,5,0,48262,4023,41,0,0,0,539363346,,,,,,,,,,,,,,,,,,,,,,,1,c1:51 writes,OK
base,16,2026-08-30T19:06:17Z,10000000,1,0.5,0,"1,2",0,1,1,495.7,,1,254.1,,0,0,1,0,3585343489,1,5,0,31581,2633,16,0,0,0,539363346,3585343489,2,5,0,30099,2509,16,0,0,0,539363346,3585343489,1,7,1,49741,5648,92,0,0,1,539363346,3585343489,2,5,0,48259,4022,41,0,0,0,539363346,,,,,,,,,,,,,,,,,,,,,,,1,c1:51 writes,OK
base,17,2026-08-30T19:06:26Z,10000000,1,0.5,0,"1,2",0,1,1,495.6,,1,254.1,,0,0,1,0,3585343489,1,5,0,31581,2633,16,0,0,0,539363346,3585343489,2,5,0,30099,2509,16,0,0,0,539363346,3585343489,1,7,1,49741,5648,92,0,0,1,539363346,3585343489,2,5,0,48259,4022,41,0,0,0,539363346,,,,,,,,,,,,,,,,,,,,,,,1,c1:51 writes,OK
base,18,2026-08-30T19:06:36Z,10000000,1,0.5,0,"1,2",0,1,1,495.6,,1,254.1,,0,0,1,0,3585343489,1,5,0,31581,2633,16,0,0,0,539363346,3585343489,2,5,0,30099,2509,16,0,0,0,539363346,3585343489,1,7,1,49742,5648,92,0,0,1,539363346,3585343489,2,5,0,48260,4022,41,0,0,0,539363346,,,,,,,,,,,,,,,,,,,,,,,1,c1:51 writes,OK
base,19,2026-08-30T19:06:45Z,10000000,1,0.5,0,"1,2",0,1,1,495.7,,1,254.1,,0,0,1,0,3585343489,1,5,0,31581,2633,16,0,0,0,539363346,3585343489,2,5,0,30099,2509,16,0,0,0,539363346,3585343489,1,7,1,49742,5648,92,0,0,1,539363346,3585343489,2,5,0,48260,4022,41,0,0,0,539363346,,,,,,,,,,,,,,,,,,,,,,,1,c1:51 writes,OK
base,20,2026-08-30T19:06:54Z,10000000,1,0.5,0,"1,2",0,1,1,495.7,,1,254.2,,0,0,1,0,3585343489,1,5,0,31582,2633,16,0,0,0,539363346,3585343489,2,5,0,30100,2509,16,0,0,0,539363346,3585343489,1,7,1,49743,5648,92,0,0,1,539363346,3585343489,2,5,0,48260,4023,41,0,0,0,539363346,,,,,,,,,,,,,,,,,,,,,,,1,c1:51 writes,OK
base,21,2026-08-30T19:07:04Z,10000000,1,0.5,0,"1,2",0,1,1,495.7,,1,254.1,,0,0,1,0,3585343489,1,5,0,31581,2633,16,0,0,0,539363346,3585343489,2,5,0,30099,2509,16,0,0,0,539363346,3585343489,1,7,1,49744,5648,92,0,0,1,539363346,3585343489,2,5,0,48262,4023,41,0,0,0,539363346,,,,,,,,,,,,,,,,,,,,,,,1,c1:51 writes,OK
base,22,2026-08-30T19:07:13Z,10000000,1,0.5,0,"1,2",0,1,1,495.6,,1,254.1,,0,0,1,0,3585343489,1,5,0,31582,2633,16,0,0,0,539363346,3585343489,2,5,0,30100,2509,16,0,0,0,539363346,3585343489,1,7,1,49743,5648,92,0,0,1,539363346,3585343489,2,5,0,48261,4023,41,0,0,0,539363346,,,,,,,,,,,,,,,,,,,,,,,1,c1:51 writes,OK
base,23,2026-08-30T19:07:22Z,10000000,1,0.5,0,"1,2",0,1,1,495.6,,1,254.1,,0,0,1,0,3585343489,1,5,0,31582,2633,16,0,0,0,539363346,3585343489,2,5,0,30099,2509,16,0,0,0,539363346,3585343489,1,7,1,49742,5648,92,0,0,1,539363346,3585343489,2,5,0,48259,4022,41,0,0,0,539363346,,,,,,,,,,,,,,,,,,,,,,,1,c1:51 writes,OK
base,24,2026-08-30T19:07:32Z,10000000,1,0.5,0,"1,2",0,1,1,495.7,,1,254.1,,0,0,1,0,3585343489,1,5,0,31581,2633,16,0,0,0,539363346,3585343489,2,5,0,30099,2509,16,0,0,0,539363346,3585343489,1,7,1,49812,5660,142,0,0,1,539363346,3585343489,2,5,0,48330,4028,41,0,0,0,539363346,,,,,,,,,,,,,,,,,,,,,,,1,c1:51 writes,OK
base,25,2026-08-30T19:07:41Z,10000000,1,0.5,0,"1,2",0,1,1,495.6,,1,254.0,,0,0,1,0,3585343489,1,5,0,31581,2633,16,0,0,0,539363346,3585343489,2,5,0,30099,2509,16,0,0,0,539363346,3585343489,1,7,1,49741,5648,92,0,0,1,539363346,3585343489,2,5,0,48259,4022,41,0,0,0,539363346,,,,,,,,,,,,,,,,,,,,,,,1,c1:51 writes,OK
base,26,2026-08-30T19:07:50Z,10000000,1,0.5,0,"1,2",0,1,1,495.6,,1,254.1,,0,0,1,0,3585343489,1,5,0,31581,2633,16,0,0,0,539363346,3585343489,2,5,0,30099,2509,16,0,0,0,539363346,3585343489,1,7,1,49742,5648,92,0,0,1,539363346,3585343489,2,5,0,48260,4023,41,0,0,0,539363346,,,,,,,,,,,,,,,,,,,,,,,1,c1:51 writes,OK
base,27,2026-08-30T19:08:00Z,10000000,1,0.5,0,"1,2",0,1,1,495.6,,1,254.1,,0,0,1,0,3585343489,1,5,0,31581,2633,16,0,0,0,0,3585343489,2,5,0,30136,2512,16,0,0,0,539363346,0,0,0,0,0,0,0,0,0,0,0,3585343489,2,5,0,48295,4025,41,0,0,0,539363346,0,0,0,0,0,0,0,0,0,0,0,3585343489,2,5,0,138381,11533,66,0,0,0,539363346,1,c1:51 writes,WEDGE_STAGE0
base,28,2026-08-30T19:08:24Z,10000000,1,0.5,0,"1,2",0,1,1,495.5,,1,254.1,,0,0,1,0,3585343489,1,5,0,31581,2633,16,0,0,0,539363346,3585343489,2,5,0,30099,2509,16,0,0,0,539363346,3585343489,1,7,1,49743,5648,92,0,0,1,539363346,3585343489,2,5,0,48262,4023,41,0,0,0,539363346,,,,,,,,,,,,,,,,,,,,,,,1,c1:51 writes,OK
base,29,2026-08-30T19:08:34Z,10000000,1,0.5,0,"1,2",0,1,1,495.7,,1,254.1,,0,0,1,0,3585343489,1,5,0,31582,2633,16,0,0,0,539363346,3585343489,2,5,0,30100,2509,16,0,0,0,539363346,3585343489,1,7,1,49744,5648,92,0,0,1,539363346,3585343489,2,5,0,48261,4023,41,0,0,0,539363346,,,,,,,,,,,,,,,,,,,,,,,1,c1:51 writes,OK
base,30,2026-08-30T19:08:43Z,10000000,1,0.5,0,"1,2",0,1,1,495.8,,1,254.0,,0,0,1,0,3585343489,1,5,0,31581,2633,16,0,0,0,539363346,3585343489,2,5,0,30099,2509,16,0,0,0,539363346,3585343489,1,7,1,49741,5648,92,0,0,1,539363346,3585343489,2,5,0,48259,4022,41,0,0,0,539363346,,,,,,,,,,,,,,,,,,,,,,,1,c1:51 writes,OK
base,31,2026-08-30T19:08:52Z,10000000,1,0.5,0,"1,2",0,1,1,495.6,,1,254.1,,0,0,1,0,3585343489,1,5,0,31581,2633,16,0,0,0,539363346,3585343489,2,5,0,30099,2509,16,0,0,0,539363346,3585343489,1,7,1,49742,5648,92,0,0,1,539363346,3585343489,2,5,0,48259,4022,41,0,0,0,539363346,,,,,,,,,,,,,,,,,,,,,,,1,c1:51 writes,OK
base,32,2026-08-30T19:09:02Z,10000000,1,0.5,0,"1,2",0,1,1,495.7,,1,254.1,,0,0,1,0,3585343489,1,5,0,31582,2633,16,0,0,0,539363346,3585343489,2,5,0,30100,2509,16,0,0,0,539363346,3585343489,1,7,1,49814,5660,142,0,0,1,539363346,3585343489,2,5,0,48332,4028,41,0,0,0,539363346,,,,,,,,,,,,,,,,,,,,,,,1,c1:51 writes,OK
