Type,Name,Notes,Grp,Mcu,Net,Ref,Cell,MxAdd,MxDat,MxDatS,SkinLink,,,,,,,,,,,,,,,,,,,,,,,,,,,,,,,,,,,,,,,
MCU,DSP,,,STM32U575RIT6,H1S1,,,,,,,,,,,,,,,,,,,,,,,,,,,,,,,,,,,,,,,,,,,,,
DSP,Dsp1,,,B12,CS1,,,,,,,,,,,,,,,,,,,,,,,,,,,,,,,,,,,,,,,,,,,,,
DSP,Dsp2,,,C14,CS2,,,,,,,,,,,,,,,,,,,,,,,,,,,,,,,,,,,,,,,,,,,,,
DSP,Dsp3,,,B14,CS3,,,,,,,,,,,,,,,,,,,,,,,,,,,,,,,,,,,,,,,,,,,,,
DSP,Dsp4,,,B13,CS4,,,,,,,,,,,,,,,,,,,,,,,,,,,,,,,,,,,,,,,,,,,,,
DSP,Dsp5,,,C13,CS5,,,,,,,,,,,,,,,,,,,,,,,,,,,,,,,,,,,,,,,,,,,,,
DSP,Dsp6,,,B15,CS6,,,,,,,,,,,,,,,,,,,,,,,,,,,,,,,,,,,,,,,,,,,,,
DSP,Dsp7,,,C15,CS7,,,,,,,,,,,,,,,,,,,,,,,,,,,,,,,,,,,,,,,,,,,,,
DSP,Dsp8,,,H0,CS8,,,,,,,,,,,,,,,,,,,,,,,,,,,,,,,,,,,,,,,,,,,,,
DSP,Reset,,,A13,RST_D,,,,,,,,,,,,,,,,,,,,,,,,,,,,,,,,,,,,,,,,,,,,,
MIC,MicGain,,,A14,CS_M,,,,,,,,,,,,,,,,,,,,,,,,,,,,,,,,,,,,,,,,,,,,,
CODEC,Codec,,,A15,CS_C,,,,,,,,,,,,,,,,,,,,,,,,,,,,,,,,,,,,,,,,,,,,,
AD,Psu1,,,B2,PAD0,,,,,,,,,,,,,,,,,,,,,,,,,,,,,,,,,,,,,,,,,,,,,
AD,Psu2,,,B1,PAD1,,,,,,,,,,,,,,,,,,,,,,,,,,,,,,,,,,,,,,,,,,,,,
AD,Psu3,,,B0,PAD2,,,,,,,,,,,,,,,,,,,,,,,,,,,,,,,,,,,,,,,,,,,,,
AD,Psu4,,,C5,PAD3,,,,,,,,,,,,,,,,,,,,,,,,,,,,,,,,,,,,,,,,,,,,,
AD,Psu5,,,C4,PAD4,,,,,,,,,,,,,,,,,,,,,,,,,,,,,,,,,,,,,,,,,,,,,
AD,Psu6,,,A4,PAD5,,,,,,,,,,,,,,,,,,,,,,,,,,,,,,,,,,,,,,,,,,,,,
AD,Psu7,,,A1,PAD6,,,,,,,,,,,,,,,,,,,,,,,,,,,,,,,,,,,,,,,,,,,,,
AD,Psu8,,,A0,PAD7,,,,,,,,,,,,,,,,,,,,,,,,,,,,,,,,,,,,,,,,,,,,,
AD,Psu9,,,C3,PAD8,,,,,,,,,,,,,,,,,,,,,,,,,,,,,,,,,,,,,,,,,,,,,
AD,Psu10,,,C2,PAD9,,,,,,,,,,,,,,,,,,,,,,,,,,,,,,,,,,,,,,,,,,,,,
AD,Psu11,,,C1,PAD10,,,,,,,,,,,,,,,,,,,,,,,,,,,,,,,,,,,,,,,,,,,,,
AD,Psu12,,,C0,PAD11,,,,,,,,,,,,,,,,,,,,,,,,,,,,,,,,,,,,,,,,,,,,,
MCU,SW_RIGHT,,,STM32F030R8,H1S3,,,,,,,,,,,,,,,,,,,,,,,,,,,,,,,,,,,,,,,,,,,,,
SWx,User1,,,F6,,,,,,,,,,,,,,,,,,,,,,,,,,,,,,,,,,,,,,,,,,,,,,
LEDx,User1,analog,1,A0,,,Sys001Skin001,6661,0,1,,,,,,,,,,,,,,,,,,,,,,,,,,,,,,,,,,,,,,,,,,,
SWx,User2,,,F7,,,,,,,,,,,,,,,,,,,,,,,,,,,,,,,,,,,,,,,,,,,,,,
LEDx,User2,analog,2,A2,,,Sys001Skin001,6661,0,1,,,,,,,,,,,,,,,,,,,,,,,,,,,,,,,,,,,,,,,,,,,
SWx,User3,,,C10,,,,,,,,,,,,,,,,,,,,,,,,,,,,,,,,,,,,,,,,,,,,,
LEDx,User3,analog,3,A12,,,Sys001Skin001,6661,0,1,,,,,,,,,,,,,,,,,,,,,,,,,,,,,,,,,,,,,,,,,,,
SWx,User4,,,A1,,,,,,,,,,,,,,,,,,,,,,,,,,,,,,,,,,,,,,,,,,,,,,
LEDx,User4,analog,4,A13,,,Sys001Skin001,6661,0,1,,,,,,,,,,,,,,,,,,,,,,,,,,,,,,,,,,,,,,,,,,,
SW,Home,1,1,F5,P14,SW2,Sys001Skin001,6661,0,1,H_1_32_Tim,,,,,,,,,,,,,,,,,,,,,,,,,,,,,,,,,,,,,,,
LED,Home,1,1,B0,P21,LD4;LD14,Sys001Skin001,6661,0,1,H_1_32_Tim,,,,,,,,,,,,,,,,,,,,,,,,,,,,,,,,,,,,,,,
SW,Menu,2,2,A4,P15,SW3,Sys001Skin001,6661,0,1,M_1_Peter,,,,,,,,,,,,,,,,,,,,,,,,,,,,,,,,,,,,,,,
LED,Menu,2,2,B1,P22,LD24;LD34,Sys001Skin001,6661,0,1,M_1_Peter,,,,,,,,,,,,,,,,,,,,,,,,,,,,,,,,,,,,,,,
SW,Phantom48,3,3,F4,P13,SW4,Sys001Skin001,6661,0,1,Z_7_32_Ben,,,,,,,,,,,,,,,,,,,,,,,,,,,,,,,,,,,,,,,
LED,Phantom48,3,3,C5,P20,LD5;LD15,Sys001Skin001,6661,0,1,Z_7_32_Ben,,,,,,,,,,,,,,,,,,,,,,,,,,,,,,,,,,,,,,,
SW,Feedback,4,4,A5,P16,SW5,Sys001Skin001,6661,0,1,FB_1_24_Ben,,,,,,,,,,,,,,,,,,,,,,,,,,,,,,,,,,,,,,,
LED,Feedback,4,4,B2,P23,LD25;LD35,Sys001Skin001,6661,0,1,FB_1_24_Ben,,,,,,,,,,,,,,,,,,,,,,,,,,,,,,,,,,,,,,,
SW,ChanAssign,5,5,A3,P12,SW10,Sys001Skin001,6661,0,1,A_1_32_Tim,,,,,,,,,,,,,,,,,,,,,,,,,,,,,,,,,,,,,,,
LED,ChanAssign,5,5,C4,P19,LD6;LD16,Sys001Skin001,6661,0,1,A_1_32_Tim,,,,,,,,,,,,,,,,,,,,,,,,,,,,,,,,,,,,,,,
SW,FxMute,toggle_latched,6,A6,P17,SW1,Fx001Mute001,5571,0,2,,,,,,,,,,,,,,,,,,,,,,,,,,,,,,,,,,,,,,,,
LED,FxMuteWhite,force_on,6,B11,P25,LD26;LD36,Fx001Mute001,5571,0,2,,,,,,,,,,,,,,,,,,,,,,,,,,,,,,,,,,,,,,,,
LED,FxMuteRed,6,6,B10,P24,LD2;LD3,Fx001Mute001,5571,0,2,,,,,,,,,,,,,,,,,,,,,,,,,,,,,,,,,,,,,,,,
SW,Mute,7,7,B6,P49,SW6,Sys001Skin001,6661,0,1,Z_1_32_Ben,,,,,,,,,,,,,,,,,,,,,,,,,,,,,,,,,,,,,,,
LED,Mute,7,7,A7,P18,LD7;LD17,Sys001Skin001,6661,0,1,Z_1_32_Ben,,,,,,,,,,,,,,,,,,,,,,,,,,,,,,,,,,,,,,,
SW,Scene,8,8,B12,P26,SW7,Sys001Skin001,6661,0,1,S_1_Ben,,,,,,,,,,,,,,,,,,,,,,,,,,,,,,,,,,,,,,,
LED,Scene,8,8,B13,P27,LD27;LD37,Sys001Skin001,6661,0,1,S_1_Ben,,,,,,,,,,,,,,,,,,,,,,,,,,,,,,,,,,,,,,,
SW,L,1,1,B4,P47,SW8,Sys001LCR001,6607,0,3,,,,,,,,,,,,,,,,,,,,,,,,,,,,,,,,,,,,,,,,
LED,L,1,1,B5,P48,LD8;LD9,Sys001LCR001,6607,0,3,,,,,,,,,,,,,,,,,,,,,,,,,,,,,,,,,,,,,,,,
SW,C,2,2,D2,P45,SW9,Sys001LCR001,6607,0,3,,,,,,,,,,,,,,,,,,,,,,,,,,,,,,,,,,,,,,,,
LED,C,2,2,B3,P46,LD18;LD19,Sys001LCR001,6607,0,3,,,,,,,,,,,,,,,,,,,,,,,,,,,,,,,,,,,,,,,,
SW,R,3,3,C11,P43,SW11,Sys001LCR001,6607,0,3,,,,,,,,,,,,,,,,,,,,,,,,,,,,,,,,,,,,,,,,
LED,R,3,3,C12,P44,LD28;LD29,Sys001LCR001,6607,0,3,,,,,,,,,,,,,,,,,,,,,,,,,,,,,,,,,,,,,,,,
SW,Monitor,12,12,C1,P6,SW12,Sys001Skin001,6661,0,1,Z9_Ben,,,,,,,,,,,,,,,,,,,,,,,,,,,,,,,,,,,,,,,
LED,Monitor,12,12,C0,P5,LD12;LD13,Sys001Skin001,6661,0,1,Z9_Ben,,,,,,,,,,,,,,,,,,,,,,,,,,,,,,,,,,,,,,,
SW,RecPlay,13,13,F0,P3,SW13,Sys001Skin001,6661,0,1,RP_2_32_Ben,,,,,,,,,,,,,,,,,,,,,,,,,,,,,,,,,,,,,,,
LED,RecPlayWhite,force_on,13,F1,P4,LD22;LD23,Sys001Skin001,6661,0,1,RP_2_32_Ben,,,,,,,,,,,,,,,,,,,,,,,,,,,,,,,,,,,,,,,
LED,RecPlayRec,force_off,13,C15,P2,LD40;LD41,Sys001Skin001,6661,0,1,RP_2_32_Ben,,,,,,,,,,,,,,,,,,,,,,,,,,,,,,,,,,,,,,,
SW,Studio,14,14,C14,P1,SW14,Sys001Skin001,6661,0,1,Z_8_32_Ben,,,,,,,,,,,,,,,,,,,,,,,,,,,,,,,,,,,,,,,
LED,Studio,14,14,C13,P0,LD32;LD33,Sys001Skin001,6661,0,1,Z_8_32_Ben,,,,,,,,,,,,,,,,,,,,,,,,,,,,,,,,,,,,,,,
ENC,Enc,,,A14;A15,P40;P41,SW15,Sys001Enc001,6477,0,1,,,,,,,,,,,,,,,,,,,,,,,,,,,,,,,,,,,,,,,,
LED,Enc1,,,B14,P28,LD30,,,,,,,,,,,,,,,,,,,,,,,,,,,,,,,,,,,,,,,,,,,,
LED,Enc2,,,B15,P29,LD38,,,,,,,,,,,,,,,,,,,,,,,,,,,,,,,,,,,,,,,,,,,,
LED,Enc3,,,C6,P30,LD39,,,,,,,,,,,,,,,,,,,,,,,,,,,,,,,,,,,,,,,,,,,,
LED,Enc4,,,C7,P31,LD31,,,,,,,,,,,,,,,,,,,,,,,,,,,,,,,,,,,,,,,,,,,,
LED,Enc5,,,C8,P32,LD21,,,,,,,,,,,,,,,,,,,,,,,,,,,,,,,,,,,,,,,,,,,,
LED,Enc6,,,C3,P8,LD11,,,,,,,,,,,,,,,,,,,,,,,,,,,,,,,,,,,,,,,,,,,,
LED,Enc7,,,C2,P7,LD10,,,,,,,,,,,,,,,,,,,,,,,,,,,,,,,,,,,,,,,,,,,,
LED,Enc8,,,A11,P35,LD20,,,,,,,,,,,,,,,,,,,,,,,,,,,,,,,,,,,,,,,,,,,,
MCU,SW_LEFT,,,STM32F030R8,H1S4,,,,,,,,,,,,,,,,,,,,,,,,,,,,,,,,,,,,,,,,,,,,,
SW,MonoAux,1,1,C8,P32,SW1,Sys001Skin001,6661,0,1,V_1_32_Tim,,,,,,,,,,,,,,,,,,,,,,,,,,,,,,,,,,,,,,,
LED,MonoAux,1,1,C7,P31,LD11,Sys001Skin001,6661,0,1,V_1_32_Tim,,,,,,,,,,,,,,,,,,,,,,,,,,,,,,,,,,,,,,,
LED,MonoAux,1,1,C9,P33,LD10,Sys001Skin001,6661,0,1,V_1_32_Tim,,,,,,,,,,,,,,,,,,,,,,,,,,,,,,,,,,,,,,,
SW,StereoAux,2,2,A11,P35,SW2,Sys001Skin001,6661,0,1,V_5_32_Ben,,,,,,,,,,,,,,,,,,,,,,,,,,,,,,,,,,,,,,,
LED,StereoAux,2,2,A8,P34,LD4,Sys001Skin001,6661,0,1,V_5_32_Ben,,,,,,,,,,,,,,,,,,,,,,,,,,,,,,,,,,,,,,,
LED,StereoAux,2,2,A12,P36,LD5,Sys001Skin001,6661,0,1,V_5_32_Ben,,,,,,,,,,,,,,,,,,,,,,,,,,,,,,,,,,,,,,,
SW,Fx,3,3,F6,P38,SW3,Sys001Skin001,6661,0,1,BFX_1_24_Ben,,,,,,,,,,,,,,,,,,,,,,,,,,,,,,,,,,,,,,,
LED,Fx,3,3,A13,P37,LD6,Sys001Skin001,6661,0,1,BFX_1_24_Ben,,,,,,,,,,,,,,,,,,,,,,,,,,,,,,,,,,,,,,,
LED,Fx,3,3,F7,P39,LD7,Sys001Skin001,6661,0,1,BFX_1_24_Ben,,,,,,,,,,,,,,,,,,,,,,,,,,,,,,,,,,,,,,,
SW,Eq,4,4,A15,P41,SW4,Sys001Skin001,6661,0,1,V_13_32_Ben,,,,,,,,,,,,,,,,,,,,,,,,,,,,,,,,,,,,,,,
LED,Eq,4,4,A14,P40,LD8,Sys001Skin001,6661,0,1,V_13_32_Ben,,,,,,,,,,,,,,,,,,,,,,,,,,,,,,,,,,,,,,,
LED,Eq,4,4,C10,P42,LD9,Sys001Skin001,6661,0,1,V_13_32_Ben,,,,,,,,,,,,,,,,,,,,,,,,,,,,,,,,,,,,,,,
SW,AuxOnFaders,5,5,B0,P21,SW5,Sys001Skin001,6661,0,1,FM_1_32_Tim,,,,,,,,,,,,,,,,,,,,,,,,,,,,,,,,,,,,,,,
LED,AuxOnFaders,5,5,C5,P20,LD3,Sys001Skin001,6661,0,1,FM_1_32_Tim,,,,,,,,,,,,,,,,,,,,,,,,,,,,,,,,,,,,,,,
LED,AuxOnFaders,5,5,B1,P22,LD2,Sys001Skin001,6661,0,1,FM_1_32_Tim,,,,,,,,,,,,,,,,,,,,,,,,,,,,,,,,,,,,,,,
SW,Overview,6,6,B10,P24,SW6,Sys001Skin001,6661,0,1,Z_4_32_Ben,,,,,,,,,,,,,,,,,,,,,,,,,,,,,,,,,,,,,,,
LED,Overview,6,6,B2,P23,LD12,Sys001Skin001,6661,0,1,Z_4_32_Ben,,,,,,,,,,,,,,,,,,,,,,,,,,,,,,,,,,,,,,,
LED,Overview,6,6,B11,P25,LD13,Sys001Skin001,6661,0,1,Z_4_32_Ben,,,,,,,,,,,,,,,,,,,,,,,,,,,,,,,,,,,,,,,
END,,,,,,,,,,,,,,,,,,,,,,,,,,,,,,,,,,,,,,,,,,,,,,,,,,
